budget,company,country,director,genre,gross,name,rating,runtime,score,star,votes,writer,year
8000000,Columbia Pictures Corporation,USA,Rob Reiner,Adventure,52287414,Stand by Me,R,89,8.1,Wil Wheaton,299174,Stephen King,1986
6000000,Paramount Pictures,USA,John Hughes,Comedy,70136369,Ferris Bueller's Day Off,PG-13,103,7.8,Matthew Broderick,264740,John Hughes,1986
15000000,Paramount Pictures,USA,Tony Scott,Action,179800601,Top Gun,PG,110,6.9,Tom Cruise,236909,Jim Cash,1986
18500000,Twentieth Century Fox Film Corporation,USA,James Cameron,Action,85160248,Aliens,R,137,8.4,Sigourney Weaver,540152,James Cameron,1986
9000000,Walt Disney Pictures,USA,Randal Kleiser,Adventure,18564613,Flight of the Navigator,PG,90,6.9,Joey Cramer,36636,Mark H. Baker,1986
6000000,Hemdale,UK,Oliver Stone,Drama,138530565,Platoon,R,120,8.1,Charlie Sheen,317585,Oliver Stone,1986
25000000,Henson Associates (HA),UK,Jim Henson,Adventure,12729917,Labyrinth,PG,101,7.4,David Bowie,102879,Dennis Lee,1986
6000000,De Laurentiis Entertainment Group (DEG),USA,David Lynch,Drama,8551228,Blue Velvet,R,120,7.8,Isabella Rossellini,146768,David Lynch,1986
9000000,Paramount Pictures,USA,Howard Deutch,Comedy,40471663,Pretty in Pink,PG-13,96,6.8,Molly Ringwald,60565,John Hughes,1986
15000000,SLM Production Group,USA,David Cronenberg,Drama,40456565,The Fly,R,96,7.5,Jeff Goldblum,129698,George Langelaan,1986
8800000,Rimfire Films,Australia,Peter Faiman,Adventure,174635000,Crocodile Dundee,PG-13,97,6.5,Paul Hogan,79465,Ken Shadie,1986
16000000,Thorn EMI Screen Entertainment,UK,Russell Mulcahy,Action,5900000,Highlander,R,116,7.2,Christopher Lambert,104860,Gregory Widen,1986
6000000,Twentieth Century Fox Film Corporation,USA,David Seltzer,Comedy,8200000,Lucas,PG-13,100,6.8,Corey Haim,12228,David Seltzer,1986
25000000,Twentieth Century Fox Film Corporation,USA,John Carpenter,Action,11100000,Big Trouble in Little China,PG-13,99,7.3,Kurt Russell,101678,Gary Goldman,1986
15000000,De Laurentiis Entertainment Group (DEG),USA,Michael Mann,Crime,8620929,Manhunter,R,120,7.2,William Petersen,54000,Thomas Harris,1986
17000000,Producers Sales Organization (PSO),USA,Adrian Lyne,Drama,6734844,9Ѕ Weeks,R,117,5.9,Mickey Rourke,31798,Elizabeth McNeill,1986
10000000,De Laurentiis Entertainment Group (DEG),USA,Stephen King,Action,7433663,Maximum Overdrive,R,98,5.4,Emilio Estevez,24881,Stephen King,1986
25000000,"Geffen Company, The",USA,Frank Oz,Comedy,38747385,Little Shop of Horrors,PG-13,94,6.9,Rick Moranis,53327,Howard Ashman,1986
2700000,New Century Entertainment Corporation,USA,Mike Marvin,Action,3500000,The Wraith,PG-13,93,5.9,Charlie Sheen,11635,Mike Marvin,1986
35000000,Universal Pictures,USA,Willard Huyck,Action,16295774,Howard the Duck,PG,110,4.6,Lea Thompson,36020,Steve Gerber,1986
2000000,New Line Cinema,USA,Stephen Herek,Action,13167232,Critters,PG-13,82,6,Dee Wallace,25517,Domonic Muir,1986
11000000,Orion Pictures,USA,Alan Metter,Comedy,91258000,Back to School,PG-13,96,6.6,Rodney Dangerfield,23120,Rodney Dangerfield,1986
4700000,Cannon Films,USA,Tobe Hooper,Comedy,8025872,The Texas Chainsaw Massacre 2,UNRATED,89,5.6,Dennis Hopper,21253,L.M. Kit Carson,1986
15000000,Jay Weston Productions,USA,Clint Eastwood,Action,42724017,Heartbreak Ridge,R,130,6.8,Clint Eastwood,32954,James Carabatsos,1986
25000000,Paramount Pictures,USA,Leonard Nimoy,Adventure,109713132,Star Trek IV: The Voyage Home,PG,119,7.3,William Shatner,66366,Gene Roddenberry,1986
0,TriStar Pictures,USA,John Badham,Comedy,40697761,Short Circuit,PG,98,6.6,Ally Sheedy,47068,S.S. Wilson,1986
0,Neue Constantin Film,Italy,Jean-Jacques Annaud,Crime,7153487,The Name of the Rose,R,130,7.8,Sean Connery,86991,Umberto Eco,1986
0,TriStar Pictures,USA,Sidney J. Furie,Action,24159872,Iron Eagle,PG-13,117,5.3,Louis Gossett Jr.,11304,Kevin Alyn Elders,1986
25000000,Paramount Pictures,USA,Michael Ritchie,Action,79817937,The Golden Child,PG-13,94,5.9,Eddie Murphy,42997,Dennis Feldman,1986
1900000,Hemdale,USA,Tim Hunter,Crime,4600000,River's Edge,R,99,7.1,Crispin Glover,12862,Neal Jimenez,1986
25000000,L.A. Films,USA,John Landis,Comedy,39246734,ЎThree Amigos!,PG,104,6.4,Steve Martin,57406,Steve Martin,1986
25000000,Warner Bros.,USA,George P. Cosmatos,Action,49042224,Cobra,R,87,5.7,Sylvester Stallone,54851,Paula Gosling,1986
0,Gaumont,France,Jean-Jacques Beineix,Drama,2003822,Betty Blue,Not specified,120,7.4,Jean-Hugues Anglade,14562,Philippe Djian,1986
24500000,Warner Bros.,UK,Roland Joffй,Adventure,17218023,The Mission,PG,125,7.5,Robert De Niro,47497,Robert Bolt,1986
13800000,Touchstone Pictures,USA,Martin Scorsese,Drama,52293982,The Color of Money,R,119,7,Paul Newman,62495,Walter Tevis,1986
0,Columbia Pictures Corporation,USA,John G. Avildsen,Action,115103979,The Karate Kid Part II,PG,113,5.9,Pat Morita,58370,Robert Mark Kamen,1986
0,Lorimar Productions,USA,Nick Castle,Drama,7177431,The Boy Who Could Fly,PG,114,6.5,Lucy Deakins,4623,Nick Castle,1986
6000000,HBO Films,USA,Robert Harmon,Thriller,5844868,The Hitcher,R,97,7.3,Rutger Hauer,36191,Eric Red,1986
10000000,Amblin Entertainment,USA,Richard Benjamin,Comedy,37499651,The Money Pit,PG,91,6.3,Tom Hanks,41278,David Giler,1986
3000000,Paramount Pictures,USA,Tom McLoughlin,Horror,19472057,Jason Lives: Friday the 13th Part VI,R,86,5.9,Thom Mathews,28310,Tom McLoughlin,1986
25000000,The Saul Zaentz Company,USA,Peter Weir,Adventure,14302779,The Mosquito Coast,PG,117,6.6,Harrison Ford,23076,Paul Theroux,1986
0,Universal Pictures,USA,Don Bluth,Animation,47483002,An American Tail,G,80,6.9,Dom DeLuise,41004,Judy Freudberg,1986
4000000,Initial Pictures,UK,Alex Cox,Biography,2826523,Sid and Nancy,R,112,7.1,Gary Oldman,25032,Alex Cox,1986
10000000,De Laurentiis Entertainment Group (DEG),USA,John Guillermin,Action,4711220,King Kong Lives,PG-13,105,3.8,Brian Kerwin,4401,Ronald Shusett,1986
4500000,Empire Pictures,USA,Stuart Gordon,Horror,1261000,From Beyond,R,86,6.7,Jeffrey Combs,16636,H.P. Lovecraft,1986
18000000,TriStar Pictures,USA,Francis Ford Coppola,Comedy,41382841,Peggy Sue Got Married,PG-13,103,6.3,Kathleen Turner,28529,Jerry Leichtling,1986
19000000,Freddie Fields Productions,USA,Brian Gibson,Horror,40996665,Poltergeist II: The Other Side,PG-13,91,5.7,JoBeth Williams,20669,Mark Victor,1986
1100000,Empire Pictures,USA,John Carl Buechler,Comedy,5450815,Troll,PG-13,82,4.3,Michael Moriarty,7569,Ed Naha,1986
0,Metro-Goldwyn-Mayer (MGM),USA,Peter Hyams,Action,38500726,Running Scared,R,107,6.5,Gregory Hines,9344,Gary DeVore,1986
0,Hawn / Sylbert Movie Company,USA,Michael Ritchie,Comedy,26285544,Wildcats,R,106,5.9,Goldie Hawn,10239,Ezra Sacks,1986
111000,Maljack Productions,USA,John McNaughton,Biography,609939,Henry: Portrait of a Serial Killer,UNRATED,83,7,Michael Rooker,25367,Richard Fire,1986
18000000,ABC Motion Pictures,USA,Harry Winer,Adventure,9697739,SpaceCamp,PG,107,5.6,Kate Capshaw,11484,Clifford Green,1986
6400000,Orion Pictures,USA,Woody Allen,Comedy,40084041,Hannah and Her Sisters,PG-13,107,8,Mia Farrow,56988,Woody Allen,1986
14000000,Walt Disney Pictures,USA,Ron Clements,Animation,38600000,The Great Mouse Detective,G,74,7.2,Vincent Price,36539,Peter Young,1986
8500000,De Laurentiis Entertainment Group (DEG),USA,John Irvin,Action,16209459,Raw Deal,R,106,5.5,Arnold Schwarzenegger,24851,Luciano Vincenzoni,1986
6000000,Sunbow Productions,USA,Nelson Shin,Animation,5849647,The Transformers: The Movie,PG,84,7.3,Orson Welles,33609,Ron Friedman,1986
0,TaliaFilm II Productions,USA,Hal Needham,Drama,2015882,Rad,PG,91,7.2,Bart Conner,4039,Sam Bernard,1986
5000000,TriStar Pictures,USA,Fred Dekker,Comedy,591366,Night of the Creeps,R,88,6.8,Jason Lively,16077,Fred Dekker,1986
12000000,Cannon Pictures,USA,Tobe Hooper,Horror,4884663,Invaders from Mars,PG,100,5.5,Karen Black,5878,Richard Blake,1986
0,Columbia Pictures Corporation,USA,Walter Hill,Drama,5839031,Crossroads,R,99,7.1,Ralph Macchio,11415,John Fusco,1986
6000000,De Haven Productions,UK,David Anspaugh,Drama,28607524,Hoosiers,PG,114,7.6,Gene Hackman,36604,Angelo Pizzo,1986
0,Svenska Filminstitutet (SFI),Sweden,Andrei Tarkovsky,Drama,300653,Sacrifice,PG,149,8.1,Erland Josephson,16571,Andrei Tarkovsky,1986
6500000,Cinema '85,USA,James Foley,Crime,2347000,At Close Range,R,111,7,Sean Penn,11607,Elliott Lewitt,1986
0,Blueline Productions,USA,Peter Markle,Drama,15448384,Youngblood,R,110,6.1,Rob Lowe,10412,Peter Markle,1986
0,Seasonal Film Corporation,USA,Corey Yuen,Action,4662137,"No Retreat, No Surrender",PG,85,5.6,Kurt McKinney,12803,See-Yuen Ng,1986
0,Universal Pictures,USA,Anthony Perkins,Horror,14481606,Psicosis III,R,93,5.3,Anthony Perkins,10022,Charles Edward Pogue,1986
20000000,Paramount Pictures,USA,Mike Nichols,Comedy,25314289,Heartburn,R,108,6.1,Meryl Streep,7570,Nora Ephron,1986
15000000,Warner Bros.,USA,Michael Chapman,Adventure,1953732,The Clan of the Cave Bear,R,98,5.3,Daryl Hannah,5340,Jean M. Auel,1986
12000000,Golan-Globus Productions,USA,Menahem Golan,Action,17768900,The Delta Force,R,125,5.6,Chuck Norris,15819,James Bruner,1986
0,Warner Bros.,USA,Wes Craven,Drama,8988731,Deadly Friend,R,91,5.5,Matthew Labyorteaux,5419,Diana Henstell,1986
0,TriStar Pictures,USA,Edward Zwick,Comedy,38702310,About Last Night...,R,113,6.2,Rob Lowe,12307,David Mamet,1986
0,Balcor Film Investors,USA,Steve Miner,Comedy,27820000,Soul Man,PG-13,104,5.2,C. Thomas Howell,6440,Carol Black,1986
0,A&M; Films,USA,Savage Steve Holland,Comedy,13431806,One Crazy Summer,PG,93,6.4,John Cusack,11581,Savage Steve Holland,1986
0,De Laurentiis Entertainment Group (DEG),USA,Charles Martin Smith,Comedy,6797218,Trick or Treat,R,98,5.8,Marc Price,4585,Rhet Topham,1986
18000000,Paramount Pictures,USA,Ron Howard,Comedy,36611610,Gung Ho,PG-13,112,6.2,Michael Keaton,9965,Edwin Blum,1986
0,American Filmworks,USA,Sidney Lumet,Crime,25147055,The Morning After,R,103,6,Jane Fonda,4943,James Cresson,1986
0,Police Academy Productions,USA,Jerry Paris,Comedy,43579163,Police Academy 3: Back in Training,PG,83,5.2,Steve Guttenberg,35443,Neal Israel,1986
175000,40 Acres & A Mule Filmworks,USA,Spike Lee,Comedy,7137502,She's Gotta Have It,R,84,6.6,Tracy Camilla Johns,5257,Spike Lee,1986
0,Touchstone Pictures,USA,Jim Abrahams,Comedy,71624879,Ruthless People,R,93,6.9,Bette Midler,22554,Dale Launer,1986
8700000,Delphi V Productions,USA,Paul Michael Glaser,Action,4865912,Band of the Hand,R,109,6.3,Stephen Lang,2297,Leo Garen,1986
0,Cannon Group,USA,John Frankenheimer,Crime,5186646,52 Pick-Up,R,110,6.4,Roy Scheider,3866,Elmore Leonard,1986
0,Paramount Pictures,USA,Randa Haines,Drama,31853080,Children of a Lesser God,R,119,7.2,William Hurt,12538,Mark Medoff,1986
12000000,Columbia Pictures Corporation,USA,Mark L. Lester,Action,15945534,Armed and Dangerous,PG-13,88,5.6,John Candy,9040,Brian Grazer,1986
1100000,Black Snake,USA,Jim Jarmusch,Comedy,1436000,Down by Law,R,107,7.8,Tom Waits,39456,Jim Jarmusch,1986
10000000,Orion Pictures,USA,Robert Mandel,Action,20603715,F/X,R,109,6.7,Bryan Brown,14502,Robert T. Megginson,1986
0,Fuji Television Network,Japan,Masanori Hata,Adventure,13245219,The Adventures of Milo and Otis,G,90,7.1,Kyфko Koizumi,9178,Masanori Hata,1986
0,Religioso Primitiva,USA,Jonathan Demme,Comedy,8362969,Something Wild,R,114,6.9,Jeff Daniels,13186,E. Max Frye,1986
18000000,Gladden Entertainment,USA,Marshall Brickman,Sci-Fi,3900000,The Manhattan Project,PG-13,117,6.1,John Lithgow,4666,Marshall Brickman,1986
5000000,Paramount Pictures,USA,Fred Walton,Horror,12947763,April Fool's Day,R,89,6.2,Deborah Foreman,11458,Danilo Bach,1986
25000000,Brooksfilms,USA,Alan Johnson,Action,1579260,Solarbabies,PG-13,94,4.8,Richard Jordan,3397,Walon Green,1986
0,Kings Road Entertainment,USA,Jim McBride,Comedy,17685307,The Big Easy,R,102,6.6,Dennis Quaid,10022,Daniel Petrie Jr.,1986
0,Lawrence Gordon Productions,USA,Penny Marshall,Comedy,25587804,Jumpin' Jack Flash,R,105,5.8,Whoopi Goldberg,15703,David Franzoni,1986
40000000,Carthago Films S.a.r.l.,France,Roman Polanski,Adventure,1641825,Piratas,PG-13,121,6.1,Walter Matthau,6596,John Brownjohn,1986
0,Meltdown Productions,UK,Jimmy T. Murakami,Animation,5274,When the Wind Blows,Not specified,80,7.8,Peggy Ashcroft,7900,Raymond Briggs,1986
10000000,Touchstone Pictures,USA,Jeff Kanew,Comedy,21458229,Tough Guys,PG,104,6.2,Burt Lancaster,5584,James Orr,1986
0,Compaснa Iberoamericana de TV,Spain,Pedro Almodуvar,Drama,206952,Matador,NC-17,110,7,Assumpta Serna,8959,Pedro Almodуvar,1986
0,New World Pictures,USA,Harley Cokeliss,Action,6637565,Black Moon Rising,R,100,5.4,Tommy Lee Jones,4045,John Carpenter,1986
12000000,Cinema Group Ventures,USA,Roger Spottiswoode,Comedy,7790931,The Best of Times,PG-13,104,5.9,Robin Williams,5523,Ron Shelton,1986
2000000,Paragon Arts International,UK,Kevin Tenney,Horror,7369373,Witchboard,R,98,5.7,Todd Allen,4744,Kevin Tenney,1986
14000000,Touchstone Pictures,USA,Paul Mazursky,Comedy,62134225,Down and Out in Beverly Hills,R,103,6.1,Nick Nolte,13569,Renй Fauchois,1986
8500000,Capital Equipment Leasing,UK,Trevor Nunn,Biography,277646,Lady Jane,PG-13,136,7.2,Helena Bonham Carter,5364,Chris Bryant,1986
0,Columbia Pictures Corporation,USA,Thomas Michael Donnelly,Crime,7634909,Quicksilver,PG,105,5.6,Kevin Bacon,3720,Thomas Michael Donnelly,1986
0,Sunbow Productions,USA,Mike Joens,Animation,5958456,My Little Pony: The Movie,G,86,6,Danny DeVito,2125,George Arthur Bloom,1986
0,Virgin Vision,UK,Ken Russell,Horror,916172,Gothic,R,87,5.7,Gabriel Byrne,5843,Lord Byron,1986
18000000,Producers Sales Organization (PSO),USA,Hal Ashby,Action,1305114,8 Million Ways to Die,R,115,5.7,Jeff Bridges,3607,Lawrence Block,1986
0,TriStar Pictures,USA,Richard Pearce,Crime,12303904,No Mercy,R,106,5.7,Richard Gere,5564,James Carabatsos,1986
0,Orion Pictures,USA,Gene Wilder,Comedy,8033397,Haunted Honeymoon,PG,82,5.6,Gene Wilder,5549,Gene Wilder,1986
0,Empire Pictures,USA,Ted Nicolaou,Comedy,320256,TerrorVision,R,83,5.7,Diane Franklin,4620,Ted Nicolaou,1986
0,Golan-Globus Productions,USA,Gary Nelson,Action,3751699,Allan Quatermain and the Lost City of Gold,PG,99,4.4,Richard Chamberlain,7491,H. Rider Haggard,1986
0,HandMade Films,UK,Neil Jordan,Crime,5794184,Mona Lisa,R,104,7.4,Bob Hoskins,10747,Neil Jordan,1986
0,Delphi Films,USA,Garry Marshall,Comedy,32324557,Nothing in Common,PG,118,5.9,Tom Hanks,5345,Rick Podell,1986
8000000,Cannon Group,USA,J. Lee Thompson,Action,11834302,Firewalker,PG,104,5,Chuck Norris,4752,Robert Gosnell,1986
0,Cannon Screen Entertainment,UK,Nicolas Roeg,Adventure,483460,Castaway,R,117,6,Oliver Reed,2649,Lucy Irvine,1986
3300000,Amaretto Films,USA,Richard Wenk,Comedy,4941117,Vamp,R,93,5.9,Chris Makepeace,3909,Donald P. Borchers,1986
0,British Film Institute (BFI),UK,Derek Jarman,Biography,3151,Caravaggio,Not specified,93,6.7,Noam Almaz,4072,Derek Jarman,1986
0,Les Films Plain Chant,France,Leos Carax,Crime,21483,Mauvais Sang,UNRATED,116,7.3,Michel Piccoli,4922,Leos Carax,1986
0,Paramount Pictures,USA,Duncan Gibbins,Drama,4636169,Fire with Fire,PG-13,103,6.6,Craig Sheffer,1264,Bill Phillips,1986
15000000,Warner Bros.,USA,Harold Ramis,Comedy,12308521,Club Paradise,PG-13,96,4.9,Robin Williams,5049,Harry Shearer,1986
40000000,Universal Pictures,USA,Ivan Reitman,Comedy,49851591,Legal Eagles,PG,116,5.9,Robert Redford,8374,Ivan Reitman,1986
0,Thorn EMI Screen Entertainment,UK,Christopher Morahan,Comedy,1476356,Clockwise,PG,96,6.6,John Cleese,9689,Michael Frayn,1986
0,Atlantic Entertainment Group,USA,Robert M. Young,Drama,13418091,Extremities,R,89,6.3,Farrah Fawcett,2705,William Mastrosimone,1986
13000000,Metro-Goldwyn-Mayer (MGM),USA,Brian De Palma,Comedy,8475466,Wise Guys,R,100,5.6,Danny DeVito,4573,George Gallo,1986
0,Atlantic Entertainment Group,USA,Peter Medak,Drama,2444076,The Men's Club,R,101,4.5,David Dukes,680,Leonard Michaels,1986
0,DD Productions,Switzerland,Claude Berri,Drama,4940939,Jean de Florette,PG,120,8.1,Yves Montand,20914,Claude Berri,1986
0,Balcor Film Investors,USA,Tom DeSimone,Drama,2510433,Reform School Girls,R,94,5.2,Linda Carol,1717,Jack Cummins,1986
0,DD Productions,Switzerland,Claude Berri,Drama,3940542,Manon of the Spring,PG,113,8,Yves Montand,17849,Claude Berri,1986
17000000,HandMade Films,UK,Jim Goddard,Adventure,2315683,Shanghai Surprise,PG-13,97,3.1,Sean Penn,4339,John Kohn,1986
16000000,Lorimar Productions,USA,Sidney Lumet,Drama,3800000,Power,R,111,5.7,Richard Gere,2287,David Himmelstein,1986
0,Not specified,USA,Jerry Kramer,Comedy,604849,Modern Girls,PG-13,84,5.9,Daphne Zuniga,1023,Laurie Craig,1986
20000000,De Laurentiis Entertainment Group (DEG),USA,Bruce Beresford,Comedy,22905500,Crimes of the Heart,PG-13,105,6.4,Diane Keaton,3079,Beth Henley,1986
0,Cinema VII,USA,John McTiernan,Horror,2278264,Nomads,R,91,5.5,Lesley-Anne Down,3006,John McTiernan,1986
0,Empire Pictures,USA,Peter Manoogian,Action,4601256,Eliminators,PG,96,4.5,Andrew Prine,1422,Paul De Meo,1986
0,TMS Pictures,Canada,George Mendeluk,Comedy,2147228,Meatballs III: Summer Job,R,96,3.3,Sally Kellerman,2003,Janis Allen,1986
6000000,Golan-Globus Productions,USA,J. Lee Thompson,Action,9947631,Murphy's Law,R,100,5.9,Charles Bronson,3561,Gail Morgan Hickman,1986
0,Edward R. Pressman Film,USA,David Byrne,Musical,2545142,True Stories,PG,90,7,David Byrne,3885,Stephen Tobolowsky,1986
0,Warner Bros.,USA,Prince,Comedy,10090429,Under the Cherry Moon,PG-13,98,4.9,Prince,2549,Becky Johnston,1986
0,Delphi V Productions,Israel,Moshй Mizrahi,Drama,278623,Every Time We Say Goodbye,PG-13,95,5.9,Tom Hanks,1834,Moshй Mizrahi,1986
0,Goldcrest Films International,UK,Julien Temple,Drama,930211,Absolute Beginners,PG-13,108,5.6,Patsy Kensit,2659,Colin MacInnes,1986
0,Little Bear,USA,Bertrand Tavernier,Drama,3272600,'Round Midnight,R,133,7.4,Dexter Gordon,4028,David Rayfiel,1986
4000000,"Cannon Group, The",USA,Sam Firstenberg,Action,4679650,Avenging Force,R,104,5.9,Michael Dudikoff,1808,James Booth,1986
0,Simcom Limited,Canada,Paul Lynch,Action,2995527,Bullies,R,96,5.4,Jonathan Crombie,340,John Sheppard,1986
0,Compact Yellowbill,UK,John Hough,Adventure,112132,Biggles: Adventures in Time,PG,88,5.8,Neil Dickson,2243,W.E. Johns,1986
0,Lorimar Productions,USA,Albert Magnoli,Drama,4845724,American Anthem,PG-13,102,4,Mitchell Gaylord,1284,Evan Archerd,1986
0,Columbia Pictures Corporation,USA,Richard Tuggle,Action,5099316,Out of Bounds,R,93,5.4,Anthony Michael Hall,1016,Tony Kayden,1986
0,Crown International Pictures,USA,David Beaird,Comedy,4781448,My Chauffeur,R,97,5.6,Deborah Foreman,1426,David Beaird,1986
18000000,Rastar Pictures,USA,Gene Saks,Comedy,11957943,Brighton Beach Memoirs,PG-13,108,6.9,Blythe Danner,2720,Neil Simon,1986
0,Ministиre de la Culture et de la Communication,France,Йric Rohmer,Drama,37455,Summer,R,98,7.8,Marie Riviиre,4612,Marie Riviиre,1986
0,Cannon Group,USA,Paul Nicholas,Drama,3136701,The Naked Cage,R,97,5.5,Shari Shattuck,327,Paul Nicholas,1986
0,Cannon Screen Entertainment,UK,Richard Franklin,Horror,1720450,Link,R,100,5.9,Terence Stamp,2080,Lee David Zlotoff,1986
0,Edward R. Pressman Film,UK,Bob Swaim,Thriller,1131399,Half Moon Street,R,90,5.4,Sigourney Weaver,2157,Edward Behr,1986
0,Aaron Spelling Productions,USA,Tom Moore,Drama,441863,"'night, Mother",PG-13,96,7.6,Sissy Spacek,1840,Marsha Norman,1986
0,Blake Edwards,USA,Blake Edwards,Action,6029824,A Fine Mess,PG,90,4.5,Ted Danson,1164,Blake Edwards,1986
0,Chroma III Productions,USA,Mark Griffiths,Comedy,78068,Hardbodies 2,R,88,2.9,James Karen,895,Mark Griffiths,1986
0,Fons Rademakers Produktie,Netherlands,Fons Rademakers,Drama,203781,The Assault,PG,155,7.3,Derek de Lint,2694,Gerard Soeteman,1986
0,Griffon Productions,USA,Paul Schneider,Comedy,277405,Willy/Milly,PG-13,86,5.7,Pamela Adlon,323,Alan Friedman,1986
0,Heron Communications,USA,Janet Greek,Drama,239073,The Ladies Club,R,85,5.3,Karen Austin,154,Casey Bishop,1986
0,Delphi V Productions,USA,Stuart Rosenberg,Action,140980,Let's Get Harry,R,102,5.2,Michael Schoeffling,978,Mark Feldberg,1986
25000000,De Laurentiis Entertainment Group (DEG),USA,Daryl Duke,Adventure,4007250,Tai-Pan,R,127,5.5,Bryan Brown,1340,John Briley,1986
0,Scary Stuff,USA,Jeffrey Delman,Comedy,2750741,Deadtime Stories,R,93,4.6,Scott Valentine,973,Jeffrey Delman,1986
17000000,Escalante Productions,USA,Dick Richards,Action,2793214,Heat,R,101,5.5,Burt Reynolds,1358,William Goldman,1986
0,Kings Road Entertainment,USA,Robert Mandel,Comedy,1254040,Touch and Go,R,101,5.8,Michael Keaton,684,Alan Ormsby,1986
0,Canadian Broadcasting Corporation (CBC),Canada,Charles Jarrott,Biography,275000,The Boy in Blue,R,100,5.4,Nicolas Cage,907,Douglas Bowie,1986
0,Universal Pictures,USA,Alan Alda,Comedy,14205021,Sweet Liberty,PG,106,5.7,Alan Alda,2300,Alan Alda,1986
0,Marquis,USA,William Fruet,Comedy,681337,Killer Party,R,91,4.7,Martin Hewitt,1265,Barney Cohen,1986
0,Rondo Productions,USA,Bill Sherwood,Drama,537681,Parting Glances,Not specified,90,7.8,John Bolger,2330,Bill Sherwood,1986
0,Nelvana,Canada,Dale Schott,Animation,8540346,Care Bears Movie II: A New Generation,G,76,5.3,Maxine Miller,1760,Peter Sauder,1986
14000000,Columbia Pictures Corporation,USA,Richard Pryor,Biography,18034150,"Jo Jo Dancer, Your Life Is Calling",R,97,6.3,Richard Pryor,1288,Rocco Urbisci,1986
0,Balcor Film Investors,USA,Andrew Lane,Action,1943751,Jake Speed,PG,100,5.3,Wayne Crawford,632,Wayne Crawford,1986
3401376,Cinema Group Ventures,USA,Renny Harlin,Action,3388020,Born American,R,97,4.3,Mike Norris,1509,Renny Harlin,1986
10000000,Paramount Pictures,USA,Michelle Manning,Action,6947787,Blue City,R,83,4.4,Judd Nelson,792,Ross Macdonald,1986
0,Cascade Films,Australia,Nadia Tass,Comedy,544472,Malcolm,PG-13,90,7.2,Colin Friels,1623,David Parker,1986
0,Miramax,USA,Bob Weinstein,Comedy,2669366,Playing for Keeps,PG-13,102,4.1,Daniel Jordano,515,Bob Weinstein,1986
0,Golan-Globus Productions,USA,Andrey Konchalovskiy,Drama,8736,Duet for One,R,107,7,Julie Andrews,699,Tom Kempinski,1986
0,Island Pictures,USA,Evelyn Purcell,Comedy,563358,Nobody's Fool,PG-13,107,5.5,Rosanna Arquette,652,Beth Henley,1986
0,Paramount Pictures,USA,John Byrum,Comedy,444746,The Whoopee Boys,R,88,6.2,Michael O'Keefe,639,Steve Zacharias,1986
0,Blake Edwards,USA,Blake Edwards,Comedy,4079895,That's Life!,PG-13,102,6.1,Jack Lemmon,1032,Milton Wexler,1986
0,Hemdale,USA,Hal Needham,Comedy,14926,Body Slam,PG,89,5.3,Dirk Benedict,795,Shel Lytton,1986
0,"Rank Organisation, The",UK,David Drury,Thriller,750000,Defense of the Realm,PG,96,6.6,Gabriel Byrne,1625,Martin Stellman,1986
0,Cinequanon,Argentina,Eliseo Subiela,Drama,725000,Man Facing Southeast,R,105,7.8,Lorenzo Quinteros,2991,Eliseo Subiela,1986
0,Corporation Image M & M,Canada,Denys Arcand,Comedy,1902706,The Decline of the American Empire,R,101,7.3,Dominique Michel,6622,Denys Arcand,1986
0,Rastar Films,USA,Jack Fisk,Drama,4743287,Violets Are Blue...,PG-13,88,5.7,Sissy Spacek,553,Naomi Foner,1986
0,Portreeve,UK,Simon Langton,Thriller,1500000,The Whistle Blower,PG,100,6.2,Michael Caine,1672,Julian Bond,1986
2000000,American Playhouse,USA,Jerrold Freedman,Drama,1301121,Native Son,PG,111,5.9,Victor Love,448,Richard Wesley,1986
0,Carson Productions,USA,Eugene Corr,Drama,416393,Desert Bloom,PG,105,6.6,Jon Voight,821,Linda Remy,1986
0,Alternate Current,USA,Lizzie Borden,Drama,1777378,Working Girls,UNRATED,93,6.5,Louise Smith,604,Lizzie Borden,1986
0,Cinй Valse,France,Bertrand Blier,Comedy,925952,Mйnage,Not specified,84,7,Gйrard Depardieu,2022,Bertrand Blier,1986
0,Camйras Continentales,Denmark,Henning Carlsen,Biography,583800,Oviri,R,100,6.2,Donald Sutherland,275,Henning Carlsen,1986
0,Film Corporation of Kenya,UK,Raju Patel,Action,181410,In the Shadow of Kilimanjaro,R,100,5.1,John Rhys-Davies,310,T. Michael Harry,1986
0,Cineplex-Odeon Films,Australia,Tim Burstall,Drama,432266,Kangaroo,R,108,6.7,Colin Friels,156,Evan Jones,1986
0,Cannon Group,USA,Albert Pyun,Action,2390525,Dangerously Close,R,95,6.6,John Stockwell,935,Scott Fields,1986
0,Hyperion Pictures,USA,Carroll Ballard,Family,781727,Nutcracker,G,100,7.2,Hugh Bigney,578,Kent Stowell,1986
0,Produzioni Europee Associate (PEA),Italy,Federico Fellini,Comedy,837623,Ginger and Fred,PG-13,125,7.3,Marcello Mastroianni,3859,Federico Fellini,1986
0,Metro-Goldwyn-Mayer (MGM),USA,Alan J. Pakula,Crime,502237,Dream Lover,R,104,5.1,Kristy McNichol,405,Jon Boorstin,1986
0,MTM Enterprises,USA,Allan Burns,Drama,6408791,Just Between Friends,PG-13,110,5.9,Mary Tyler Moore,629,Allan Burns,1986
0,Lynn-Davis Productions,USA,Gary Hudson,Action,145975,Thunder Run,PG-13,90,5.1,Forrest Tucker,218,Charles Davis,1986
0,Longshot,USA,Paul Bartel,Comedy,1096843,The Longshot,PG-13,89,5.4,Tim Conway,457,Tim Conway,1986
0,Silver Screen Partners II,USA,Michael Dinner,Comedy,4842778,Off Beat,PG,92,5,Judge Reinhold,748,Dezsц Magyar,1986
0,Roundhouse,USA,Joe Roth,Drama,2520664,Streets of Gold,R,95,6,Klaus Maria Brandauer,505,Dezsц Magyar,1986
0,Convy-Fimberg Productions,USA,Bert Convy,Action,351623,Weekend Warriors,R,100,4.4,Chris Lemmon,237,Bruce Belland,1986
18000000,J&M; Entertainment,UK,Zoran Perisic,Action,2295500,Sky Bandits,PG,100,4.6,Scott McGinnis,183,Thom Keyes,1986
1500000,Cinetel Films,USA,Fred Olen Ray,Action,1368912,Armed Response,R,86,4.9,David Carradine,489,T.L. Lankford,1986
0,Cannon City Produktie Maatschappij B.V.,Netherlands,Franco Zeffirelli,Drama,189042,Otello,PG,100,7.2,Plбcido Domingo,424,Arrigo Boito,1986
0,Alliance Communications Corporation,USA,Rob Nilsson,Drama,440438,On the Edge,PG-13,95,7.1,Bruce Dern,171,Roy Kissin,1986
0,Action Communications,USA,Frank Harris,Action,63860,Low Blow,R,100,3.5,Leo Fong,256,Leo Fong,1986
0,Cote Blanche Productions,USA,Glen Pitre,Drama,1444618,Belizaire the Cajun,PG,103,6.4,Armand Assante,391,Glen Pitre,1986
0,Les Films 13,France,Claude Lelouch,Drama,227510,A Man and a Woman: 20 Years Later,PG,112,5.8,Anouk Aimйe,496,Claude Lelouch,1986
0,New Line Cinema,USA,Clay Borris,Action,1900000,Quiet Cool,R,100,5.7,James Remar,542,Clay Borris,1986
0,Not specified,USA,Gideon Amir,Action,2497233,Behind Enemy Lines,R,90,4.9,David Carradine,368,Malcolm Barbour,1986
0,Not specified,USA,Francis Schaeffer,Action,193153,Wired to Kill,R,86,4.2,Emily Longstreth,163,Francis Schaeffer,1986
0,Fringe Dwellers Productions,Australia,Bruce Beresford,Drama,149440,The Fringe Dwellers,PG,98,6.7,Kristina Nehm,305,Bruce Beresford,1986
0,T. Films,France,Andrй Tйchinй,Crime,164187,Scene of the Crime,Not specified,90,6.9,Nicolas Giraudi,565,Andrй Tйchinй,1986
0,Hanna-Barbera Productions,USA,Don Lusk,Animation,1338264,GoBots: Battle of the Rock Lords,G,75,5.8,Margot Kidder,397,Jeff Segal,1986
0,Channel Four Films,UK,Charles Gormley,Comedy,267249,The Gospel According to Vic,PG,92,6.1,Tom Conti,227,Charles Gormley,1986
0,Grace,USA,Dominic Orlando,Action,601451,Knights of the City,R,87,4.8,Leon Isaac Kennedy,103,Leon Isaac Kennedy,1986
0,Embassy Pictures,USA,Robert M. Young,Comedy,18209,Saving Grace,PG,112,7,Tom Conti,467,Celia Gittelson,1986
0,Hunter/MFG Production,USA,Gary Grillo,Action,492367,Jackals,R,97,5.3,Jack Lucarelli,139,Dennis A. Pratt,1986
0,Cannon Films,USA,Filippo Ottoni,Comedy,22123,Detective School Dropouts,PG,92,5.8,David Landsberg,220,Lorin Dreyfuss,1986
0,CBS Entertainment Production,USA,Christopher Cain,Adventure,676166,Where the River Runs Black,PG,100,6.6,Charles Durning,351,Neal Jimenez,1986
0,DIC Entertainment,Canada,Bruno Bianchi,Family,2193642,Heathcliff: The Movie,G,73,5.3,Mel Blanc,187,George Gately,1986
0,AAR Films,USA,Dennis Klein,Comedy,32279,One More Saturday Night,R,95,5.7,Tom Davis,211,Tom Davis,1986
16000000,Act III Communications,USA,Rob Reiner,Adventure,30857814,The Princess Bride,PG,98,8.1,Cary Elwes,320953,William Goldman,1987
1000000,Cinemarque Entertainment BV,UK,Clive Barker,Horror,14564027,Hellraiser,R,94,7,Andrew Robinson,83209,Clive Barker,1987
30000000,Natant,UK,Stanley Kubrick,Drama,46357676,Full Metal Jacket,R,116,8.3,Matthew Modine,537826,Gustav Hasford,1987
6000000,Great American Films Limited Partnership,USA,Emile Ardolino,Drama,63952836,Dirty Dancing,PG-13,100,6.9,Patrick Swayze,155978,Eleanor Bergstein,1987
0,Warner Bros.,USA,Joel Schumacher,Comedy,32222567,The Lost Boys,R,97,7.3,Jason Patric,100376,Jan Fischer,1987
15000000,Amercent Films,USA,John McTiernan,Action,59735548,Predator,R,107,7.8,Arnold Schwarzenegger,313213,Jim Thomas,1987
27000000,Braveworld Productions,USA,Paul Michael Glaser,Action,38122105,The Running Man,R,101,6.6,Arnold Schwarzenegger,120345,Stephen King,1987
22700000,Brooksfilms,USA,Mel Brooks,Adventure,38119483,Spaceballs,PG,96,7.1,Mel Brooks,146748,Mel Brooks,1987
13000000,Orion Pictures,USA,Paul Verhoeven,Action,53424681,RoboCop,R,102,7.5,Peter Weller,196245,Edward Neumeier,1987
15000000,Warner Bros.,USA,Richard Donner,Action,65207127,Lethal Weapon,R,110,7.6,Mel Gibson,204328,Shane Black,1987
25000000,Paramount Pictures,USA,Brian De Palma,Crime,76270454,The Untouchables,R,119,7.9,Kevin Costner,234254,Oscar Fraley,1987
3600000,De Laurentiis Entertainment Group (DEG),USA,Sam Raimi,Comedy,5923044,Evil Dead II,R,84,7.8,Bruce Campbell,123325,Sam Raimi,1987
22000000,Golan-Globus Productions,USA,Gary Goddard,Action,17336370,Masters of the Universe,PG,106,5.4,Dolph Lundgren,30370,David Odell,1987
12000000,Home Box Office (HBO),USA,Fred Dekker,Action,3769990,The Monster Squad,PG-13,82,7.2,Andre Gower,21420,Shane Black,1987
14000000,Paramount Pictures,USA,Adrian Lyne,Drama,156645693,Fatal Attraction,R,119,6.9,Michael Douglas,60383,James Dearden,1987
30000000,Eon Productions,UK,John Glen,Action,51185897,The Living Daylights,PG,130,6.7,Timothy Dalton,74272,Richard Maibaum,1987
15000000,Twentieth Century Fox Film Corporation,USA,Oliver Stone,Crime,43848100,Wall Street,R,126,7.4,Charlie Sheen,126195,Stanley Weiser,1987
35000000,Amblin Entertainment,USA,Steven Spielberg,Drama,22238696,Empire of the Sun,PG,153,7.8,Christian Bale,96566,Tom Stoppard,1987
0,Apollo Pictures,USA,Steve Rash,Comedy,31623833,Can't Buy Me Love,PG-13,94,6.7,Patrick Dempsey,26348,Michael Swerdlick,1987
22000000,Warner Bros.,USA,George Miller,Comedy,63766510,The Witches of Eastwick,R,118,6.5,Jack Nicholson,51642,John Updike,1987
0,Paramount Pictures,USA,Carl Reiner,Comedy,35658098,Summer School,PG-13,97,6.5,Mark Harmon,14038,Stuart Birnbaum,1987
4500000,New Line Cinema,USA,Chuck Russell,Action,44793222,A Nightmare on Elm Street 3: Dream Warriors,R,96,6.6,Heather Langenkamp,55414,Wes Craven,1987
0,Touchstone Pictures,USA,Chris Columbus,Action,34368475,Adventures in Babysitting,PG-13,102,6.9,Elisabeth Shue,30850,David Simkins,1987
0,RKO Pictures,USA,John Irvin,Action,13839404,Hamburger Hill,R,110,6.7,Anthony Barrile,20159,James Carabatsos,1987
23000000,Universal Pictures,USA,Joseph Sargent,Adventure,20763013,Jaws: The Revenge,PG-13,89,2.9,Lorraine Gary,33419,Peter Benchley,1987
25000000,Cannon Group,USA,Menahem Golan,Action,16057580,Over the Top,PG,93,5.7,Sylvester Stallone,40916,Gary Conway,1987
30000000,Paramount Pictures,USA,John Hughes,Comedy,49530280,"Planes, Trains & Automobiles",R,93,7.6,Steve Martin,98897,John Hughes,1987
6000000,Circle Films,USA,Joel Coen,Comedy,22847564,Raising Arizona,PG-13,94,7.4,Nicolas Cage,107669,Ethan Coen,1987
17000000,Carolco International N.V.,UK,Alan Parker,Horror,17185632,Angel Heart,R,113,7.3,Mickey Rourke,67453,William Hjortsberg,1987
0,Hughes Entertainment,USA,Howard Deutch,Drama,18553948,Some Kind of Wonderful,PG-13,95,7.1,Eric Stoltz,21931,John Hughes,1987
6000000,Gladden Entertainment,USA,Michael Gottlieb,Comedy,42721196,Mannequin,PG,90,5.8,Andrew McCarthy,24626,Edward Rugoff,1987
0,Hawn / Sylbert Movie Company,USA,Garry Marshall,Comedy,26713187,Overboard,PG,106,6.8,Goldie Hawn,40429,Leslie Dixon,1987
27000000,Warner Bros.,USA,Joe Dante,Action,25893810,Innerspace,PG,120,6.8,Dennis Quaid,45172,Chip Proser,1987
15000000,Metro-Goldwyn-Mayer (MGM),USA,Norman Jewison,Comedy,80640528,Moonstruck,PG,102,7.1,Cher,38600,John Patrick Shanley,1987
28000000,Paramount Pictures,USA,Tony Scott,Action,153665000,Beverly Hills Cop II,R,100,6.5,Eddie Murphy,90969,Danilo Bach,1987
0,Amblin Entertainment,USA,William Dear,Comedy,29760613,Harry and the Hendersons,PG,110,5.9,John Lithgow,26157,William Dear,1987
23000000,Recorded Picture Company (RPC),UK,Bernardo Bertolucci,Biography,43984230,The Last Emperor,PG-13,163,7.8,John Lone,76408,Mark Peploe,1987
13000000,Touchstone Pictures,USA,Barry Levinson,Biography,123922370,"Good Morning, Vietnam",R,121,7.3,Robin Williams,106924,Mitch Markowitz,1987
2600000,Merchant Ivory Productions,UK,James Ivory,Drama,3130592,Maurice,R,140,7.7,James Wilby,11837,E.M. Forster,1987
11000000,Interscope Communications,USA,Leonard Nimoy,Comedy,167780960,3 Men and a Baby,PG,102,5.9,Tom Selleck,39544,Coline Serreau,1987
3000000,Alive Films,USA,John Carpenter,Horror,14182492,Prince of Darkness,R,102,6.7,Donald Pleasence,28064,John Carpenter,1987
6500000,Columbia Pictures Corporation,USA,Luis Valdez,Biography,54215416,La Bamba,PG-13,108,6.8,Lou Diamond Phillips,22839,Luis Valdez,1987
5000000,F/M,USA,Kathryn Bigelow,Action,3369307,Near Dark,R,94,7,Adrian Pasdar,27485,Kathryn Bigelow,1987
0,Road Movies Filmproduktion,West Germany,Wim Wenders,Drama,3210139,Wings of Desire,PG-13,128,8.1,Bruno Ganz,51522,Wim Wenders,1987
0,Twentieth Century Fox Film Corporation,USA,Marek Kanievska,Crime,12396383,Less Than Zero,R,98,6.4,Andrew McCarthy,15500,Bret Easton Ellis,1987
15000000,Orion Pictures,USA,Roger Donaldson,Action,35509515,No Way Out,R,114,7.1,Kevin Costner,28684,Kenneth Fearing,1987
0,Universal Pictures,USA,Matthew Robbins,Comedy,32945797,*batteries not included,PG,106,6.6,Hume Cronyn,25330,Mick Garris,1987
0,United Artists,USA,Charles Shyer,Comedy,26712476,Baby Boom,PG,110,6.1,Diane Keaton,11414,Nancy Meyers,1987
0,Cineplex-Odeon Films,UK,Bruce Robinson,Comedy,1544889,Withnail & I,R,107,7.8,Richard E. Grant,33285,Bruce Robinson,1987
0,Fries Entertainment,USA,Jeffrey Bloom,Drama,15151736,Flowers in the Attic,PG-13,93,5.7,Louise Fletcher,7993,Virginia C. Andrews,1987
20000000,Amercent Films,USA,James L. Brooks,Comedy,51249404,Broadcast News,R,133,7.2,William Hurt,22802,James L. Brooks,1987
2500000,New Century Entertainment Corporation,Canada,Tibor Takбcs,Fantasy,13539458,Tъnel al infierno,PG-13,85,6,Stephen Dorff,11435,Michael Nankin,1987
17000000,Cannon Films,UK,Sidney J. Furie,Action,15681020,Superman IV: The Quest for Peace,PG,90,3.6,Christopher Reeve,35866,Joe Shuster,1987
3500000,Laurel Entertainment Inc.,USA,Michael Gornick,Comedy,14000000,Creepshow 2,R,92,6,George Kennedy,17500,Stephen King,1987
3000000,Atlantic Entertainment Group,USA,Christopher Leitch,Comedy,7888703,Teen Wolf Too,PG,95,3.2,Jason Bateman,8905,Jeph Loeb,1987
12000000,Columbia Pictures Industries,USA,Fred Schepisi,Comedy,40050884,Roxanne,PG,107,6.6,Steve Martin,34794,Edmond Rostand,1987
12000000,Rastar Pictures,USA,Herbert Ross,Comedy,66995879,The Secret of My Succe$s,PG-13,111,6.5,Michael J. Fox,24685,Jim Cash,1987
20000000,Applied Action,USA,Tom Mankiewicz,Comedy,57387516,Dragnet,PG-13,106,5.9,Dan Aykroyd,27387,Dan Aykroyd,1987
0,British Screen Productions,UK,Alan Clarke,Comedy,124167,"Rita, Sue and Bob Too",R,93,6.4,Siobhan Finneran,2747,Andrea Dunbar,1987
18000000,TriStar Pictures,USA,Blake Edwards,Comedy,39321715,Blind Date,PG-13,95,5.9,Kim Basinger,17903,Dale Launer,1987
0,New World Pictures,USA,Ethan Wiley,Comedy,7800000,House II: The Second Story,PG-13,88,5.4,Arye Gross,8302,Fred Dekker,1987
0,Warner Bros.,USA,Jim Drake,Comedy,28061343,Police Academy 4: Citizens on Patrol,PG,88,4.8,Steve Guttenberg,33955,Neal Israel,1987
1000000,Atlantic Entertainment Group,USA,Rod Amateau,Adventure,1576615,The Garbage Pail Kids Movie,PG,100,2.7,Anthony Newley,6348,Linda Palmer,1987
14000000,Orion Pictures,USA,Danny DeVito,Comedy,57915972,Throw Momma from the Train,PG-13,88,6.2,Danny DeVito,28550,Stu Silver,1987
0,Incorporated Television Company (ITC),UK,Joseph Ruben,Horror,2488740,The Stepfather,R,89,6.8,Terry O'Quinn,9959,Carolyn Lefcourt,1987
0,Heron Communications,USA,Jack Sholder,Action,9747988,The Hidden,R,96,7,Kyle MacLachlan,13878,Jim Kouf,1987
0,Universal Pictures,USA,Joe Dante,Comedy,548696,Amazon Women on the Moon,R,85,6.2,Rosanna Arquette,8755,Michael Barrie,1987
3000000,Golan-Globus Productions,USA,Barbet Schroeder,Comedy,3221568,Barfly,R,100,7.3,Mickey Rourke,15647,Charles Bukowski,1987
6000000,Universal Pictures,USA,Phil Joanou,Comedy,3685862,Three O'Clock High,PG-13,97,7.2,Casey Siemaszko,8970,Richard Christian Matheson,1987
0,Panorama Film A/S,Denmark,Gabriel Axel,Comedy,4398938,Babette's Feast,G,102,7.8,Stйphane Audran,14838,Karen Blixen,1987
0,Orion Pictures,USA,John Schlesinger,Crime,18753438,The Believers,R,114,6.1,Martin Sheen,4900,Mark Frost,1987
15000000,Amercent Films,USA,James Toback,Comedy,13290368,The Pick-up Artist,PG-13,81,5.2,Molly Ringwald,5348,James Toback,1987
16000000,Orion Pictures,USA,Woody Allen,Comedy,14792779,Radio Days,PG,88,7.6,Mia Farrow,26467,Woody Allen,1987
0,Lightyear Entertainment,UK,Robert Altman,Comedy,1028679,Aria,R,90,5.8,John Hurt,2243,Robert Altman,1987
3000000,Emshell Producers,USA,John R. Cherry III,Comedy,23509382,Ernest Goes to Camp,PG,92,5.5,Jim Varney,9526,John R. Cherry III,1987
0,Nouvelles Йditions de Films (NEF),France,Louis Malle,Drama,4542825,Au Revoir les Enfants,PG,104,8,Gaspard Manesse,25969,Louis Malle,1987
17000000,Columbia Pictures Corporation,USA,Ridley Scott,Crime,10278549,Someone to Watch Over Me,R,106,6.1,Tom Berenger,7854,Howard Franklin,1987
0,"Guber-Peters Company, The",USA,James Foley,Comedy,7305209,Who's That Girl,PG,92,4.7,Madonna,8125,Andrew Smith,1987
29000000,Universal Pictures,UK,Richard Attenborough,Biography,5899797,Cry Freedom,PG,157,7.5,Denzel Washington,10692,John Briley,1987
6000000,Fourth Protocol,UK,John Mackenzie,Thriller,12423831,The Fourth Protocol,R,119,6.5,Michael Caine,7532,George Axelrod,1987
27000000,Home Box Office (HBO),USA,Hector Babenco,Drama,7393346,Ironweed,R,143,6.8,Jack Nicholson,6874,William Kennedy,1987
0,Amercent Films,USA,Bob Rafelson,Crime,25205460,Black Widow,R,102,6.3,Debra Winger,7132,Ronald Bass,1987
0,Touchstone Pictures,USA,John Badham,Action,65673233,Stakeout,R,117,6.6,Richard Dreyfuss,20039,Jim Kouf,1987
0,Imagine Films Entertainment,USA,Rod Daniel,Comedy,34377585,Like Father Like Son,PG-13,96,5.1,Dudley Moore,4817,Lorne Cameron,1987
0,Pelemele Film,West Germany,Percy Adlon,Comedy,3587303,Bagdad Cafe,PG,95,7.5,Marianne Sдgebrecht,10255,Eleonore Adlon,1987
0,Cannon Group,USA,Andrey Konchalovskiy,Drama,769119,Shy People,R,100,6.9,Jill Clayburgh,940,Andrey Konchalovskiy,1987
0,Twentieth Century Fox Film Corporation,USA,Joe Roth,Comedy,30063289,Revenge of the Nerds II: Nerds in Paradise,PG-13,88,4.9,Robert Carradine,11444,Tim Metcalfe,1987
0,Simcom Limited,Canada,Bruce Pittman,Horror,2683519,Prom Night II,R,97,5.6,Lisa Schrage,3440,Ron Oliver,1987
5000000,Cannon Group,USA,J. Lee Thompson,Action,6880310,Death Wish 4: The Crackdown,R,99,5.3,Charles Bronson,6770,Brian Garfield,1987
18000000,Amercent Films,USA,Jonathan Kaplan,Comedy,18532286,Project X,PG,108,6.1,Matthew Broderick,8879,Lawrence Lasker,1987
0,Finnegan/Pinchuk Productions,USA,William Phelps,Action,3832228,North Shore,PG,96,6.5,Matt Adler,1903,William Phelps,1987
0,7 Films Cinйma,France,Йlie Chouraqui,Action,519596,Man on Fire,R,87,5.9,Scott Glenn,1340,A.J. Quinnell,1987
4000000,Cannon Films,USA,Ruggero Deodato,Fantasy,800000,The Barbarians,R,87,4.9,David Paul,2538,Alberto Piferi,1987
55000000,Columbia Pictures Corporation,USA,Elaine May,Action,14375181,Ishtar,PG-13,107,4.2,Warren Beatty,9094,Elaine May,1987
100000,Conquering Unicorn,USA,Robert Townsend,Comedy,5228617,Hollywood Shuffle,R,78,7,Robert Townsend,3009,Robert Townsend,1987
0,Marimark Productions,USA,Lawrence Bassoff,Comedy,1749956,Hunk,PG,102,4.6,John Allen Nelson,1042,Lawrence Bassoff,1987
0,Filmhaus,USA,David Mamet,Crime,2585639,House of Games,R,102,7.3,Lindsay Crouse,17508,David Mamet,1987
0,Not specified,USA,Peter Werner,Crime,2877571,No Man's Land,R,100,6.1,Charlie Sheen,3297,Dick Wolf,1987
0,Trans World Entertainment (TWE),USA,David Keith,Sci-Fi,1930001,The Curse,R,92,4.9,Wil Wheaton,1762,David Chaskin,1987
0,TriStar Pictures,USA,Peter Yates,Crime,18782400,Suspect,R,121,6.6,Cher,7506,Eric Roth,1987
0,TriStar Pictures,USA,Christopher Cain,Action,19734940,The Principal,R,109,6.2,Jim Belushi,7311,Frank Deese,1987
0,Columbia Pictures Corporation,UK,John Boorman,Comedy,10021120,Hope and Glory,PG-13,113,7.4,Sarah Miles,10291,John Boorman,1987
0,Touchstone Pictures,USA,Arthur Hiller,Comedy,52864741,Outrageous Fortune,R,99,6.1,Shelley Long,6123,Leslie Dixon,1987
22000000,Carolco Entertainment,USA,Walter Hill,Action,11307844,Extreme Prejudice,R,96,6.6,Nick Nolte,4924,John Milius,1987
350000,Cannon Group,USA,Sam Firstenberg,Action,4000000,American Ninja 2: The Confrontation,R,90,4.8,Michael Dudikoff,6565,Gary Conway,1987
4000000,Cinecom Entertainment Group,USA,John Sayles,Drama,1680358,Matewan,PG-13,135,7.9,Chris Cooper,6198,John Sayles,1987
0,Vista Organization,USA,Bill Norton,Drama,1539000,Three for the Road,PG,88,5.3,Charlie Sheen,813,Richard Martini,1987
24000000,Columbia Pictures,USA,Paul Weiland,Action,4916871,Leonard Part 6,PG,85,2.2,Bill Cosby,7387,Jonathan Reynolds,1987
5000000,Golan-Globus Productions,USA,Jerry Schatzberg,Crime,1119112,Street Smart,R,97,6.4,Christopher Reeve,2096,David Freeman,1987
0,Zenith Entertainment,UK,Stephen Frears,Biography,1654743,Prick Up Your Ears,R,105,7.4,Gary Oldman,4799,Alan Bennett,1987
9000000,Gladden Entertainment,USA,Michael Cimino,Action,5406879,The Sicilian,R,115,5.3,Christopher Lambert,3889,Mario Puzo,1987
0,Clear Type,USA,Cheech Marin,Comedy,17355263,Born in East L.A.,R,85,5.9,Cheech Marin,4648,Cheech Marin,1987
0,TAFT Entertainment Pictures,USA,Paul Schrader,Drama,10489617,Light of Day,PG-13,107,5.5,Michael J. Fox,2101,Paul Schrader,1987
0,Per Holst Filmproduktion,Denmark,Bille August,Drama,2053931,Pelle the Conqueror,PG-13,157,7.9,Pelle Hvenegaard,8321,Martin Andersen Nexш,1987
0,Balcor Film Investors,USA,Bill Froehlich,Comedy,1189709,Return to Horror High,R,95,4.2,Lori Lethin,2337,Bill Froehlich,1987
0,Paramount Pictures,USA,Lyndall Hobbs,Comedy,13110903,Back to the Beach,PG,92,5.8,Frankie Avalon,2332,James Komack,1987
0,Vista Organization,USA,Robert Collector,Horror,1149470,Nightflyers,R,89,4,Catherine Mary Stewart,796,George R.R. Martin,1987
0,Metro-Goldwyn-Mayer (MGM),USA,Tom Holland,Action,12046526,Fatal Beauty,R,104,5.3,Whoopi Goldberg,2652,Bill Svanoe,1987
0,Columbia Pictures Corporation,USA,Jeff Bleckner,Adventure,300859,White Water Summer,PG,90,6.2,Kevin Bacon,4353,Manya Starr,1987
0,Nelson Entertainment,USA,Lindsay Anderson,Drama,1338198,The Whales of August,NOT RATED,90,7.6,Bette Davis,3416,David Berry,1987
7000000,De Laurentiis Entertainment Group (DEG),USA,Bob Giraldi,Comedy,7019441,Hiding Out,PG-13,98,6.4,Jon Cryer,2584,Joe Menosky,1987
0,Kings Road Entertainment,USA,Jimmy Huston,Comedy,174380,My Best Friend Is a Vampire,PG,89,6.1,Robert Sean Leonard,2690,Tab Murphy,1987
10000000,Orion Pictures,USA,Harley Cokeliss,Action,3060858,Malone,R,92,5.6,Burt Reynolds,1959,Christopher Frank,1987
0,RKO Pictures,USA,Steven Lisberger,Comedy,4215859,Hot Pursuit,PG-13,93,5.8,John Cusack,2768,Steven Lisberger,1987
0,United Artists,USA,Dennis Feldman,Action,873903,Real Men,PG-13,85,6.2,Jim Belushi,3077,Dennis Feldman,1987
6000000,"Samuel Goldwyn Company, The",UK,Mike Hodges,Action,1432687,A Prayer for the Dying,R,107,6.4,Mickey Rourke,3731,Jack Higgins,1987
0,ML Delphi Premier Productions,USA,Francis Ford Coppola,Drama,5262047,Gardens of Stone,R,111,6.4,James Caan,4273,Nicholas Proffitt,1987
0,New World Pictures,USA,Gary Sherman,Action,7555000,Wanted: Dead or Alive,R,106,5.9,Rutger Hauer,3328,Michael Patrick Goodman,1987
0,Bagdasarian Productions,USA,Janice Karman,Animation,6804312,The Chipmunk Adventure,G,100,7.2,Ross Bagdasarian Jr.,4383,Janice Karman,1987
0,Kindred Limited Partnership,USA,Stephen Carpenter,Horror,2407024,The Kindred,R,91,5.5,Rod Steiger,1211,Stephen Carpenter,1987
0,Lorimar Motion Pictures,USA,Alan Rudolph,Comedy,4572845,Made in Heaven,PG,100,6.5,Timothy Hutton,2691,Bruce A. Evans,1987
0,Gladden Entertainment,USA,Emilio Estevez,Crime,5715174,Wisdom,R,109,5.7,Emilio Estevez,2659,Emilio Estevez,1987
5300000,Columbia Pictures,UK,Michael Radford,Crime,3107551,White Mischief,R,107,6.3,Sarah Miles,2171,James Fox,1987
10000000,Rollins-Joffe Productions,USA,Woody Allen,Drama,486434,September,PG,83,6.7,Elaine Stritch,7620,Woody Allen,1987
0,Vestron Pictures,UK,John Huston,Drama,4370078,The Dead,PG,83,7.4,Anjelica Huston,5933,Tony Huston,1987
3520000,Independent Film Centre,USA,Lance Hool,Action,562187,Steel Dawn,R,100,5,Patrick Swayze,3860,Doug Lefler,1987
1300000,Empire Pictures,USA,Renny Harlin,Crime,354704,Prison,R,102,5.9,Lane Smith,3019,Irwin Yablans,1987
25000000,Warner Bros.,USA,Martin Ritt,Drama,30950002,Nuts,R,116,6.7,Barbra Streisand,4996,Tom Topor,1987
11000000,Bandai Films,USA,Barry Levinson,Comedy,25411386,Tin Men,R,112,6.5,Richard Dreyfuss,6960,Barry Levinson,1987
0,Cannon Group,USA,Lionel Chetwynd,Drama,760000,The Hanoi Hilton,R,125,6,Michael Moriarty,763,Lionel Chetwynd,1987
7500000,De Laurentiis Entertainment Group (DEG),USA,William Friedkin,Drama,796368,Rampage,R,97,6.3,Michael Biehn,1625,William P. Wood,1987
0,Albacore Productions Inc.,USA,Ben Bolt,Drama,1733017,The Big Town,R,109,5.9,Matt Dillon,1483,Clark Howard,1987
0,Channel Four Films,UK,David Leland,Comedy,3283832,Wish You Were Here,R,88,6.8,Emily Lloyd,2212,David Leland,1987
0,Aurora Productions LLC,USA,Tamar Simon Hoffs,Comedy,2700000,The Allnighter,PG-13,108,4,Susanna Hoffs,904,Tamar Simon Hoffs,1987
0,Callender Company,UK,Peter Greenaway,Drama,287725,The Belly of an Architect,R,119,7,Brian Dennehy,4517,Peter Greenaway,1987
0,Hemdale,USA,John Flynn,Action,4278150,Best Seller,R,95,6.5,James Woods,3752,Larry Cohen,1987
0,Lorimar Motion Pictures,USA,Mary Lambert,Drama,700000,Siesta,R,100,5.6,Ellen Barkin,1844,Patrice Chaplin,1987
0,Great American Films Limited Partnership,USA,Michael Hoffman,Drama,316199,Promised Land,R,102,5.7,Jason Gedrick,1052,Michael Hoffman,1987
0,De Laurentiis Entertainment Group (DEG),USA,Curtis Hanson,Crime,12640385,The Bedroom Window,R,112,6.4,Steve Guttenberg,3650,Anne Holden,1987
0,Excelsior Film-TV,Italy,Nikita Mikhalkov,Comedy,2201428,Dark Eyes,Not specified,117,7.6,Marcello Mastroianni,2421,Aleksandr Adabashyan,1987
3000000,Vista Organization,USA,Amy Holden Jones,Fantasy,9868521,Maid to Order,PG,93,5.5,Ally Sheedy,2786,Amy Holden Jones,1987
0,Island Pictures,USA,Daniel Petrie,Drama,225358,Square Dance,PG-13,112,6.1,Jason Robards,730,Alan Hines,1987
1000000,Commies From Mars Corporation,UK,Alex Cox,Action,210200,Straight to Hell,R,100,5.8,Sy Richardson,1924,Alex Cox,1987
0,Nelvana,Canada,Hugh Wilson,Comedy,16337355,Burglar,R,103,5,Whoopi Goldberg,3453,Lawrence Block,1987
0,Kings Road Entertainment,USA,Phil Alden Robinson,Comedy,999382,In the Mood,PG-13,98,6.1,Patrick Dempsey,778,Robert Kosberg,1987
0,Brooksfilms,UK,David Hugh Jones,Biography,1083486,84 Charing Cross Road,PG,100,7.5,Anne Bancroft,6285,Helene Hanff,1987
100000,Silent Night Releasing Corporation,USA,Lee Harry,Horror,154323,"Silent Night, Deadly Night 2",R,88,3.5,Eric Freeman,4329,Michael Hickey,1987
0,Cineplex-Odeon Films,UK,Tony Bill,Crime,969205,Five Corners,R,90,6.3,Jodie Foster,2584,John Patrick Shanley,1987
8000000,De Laurentiis Entertainment Group (DEG),USA,Tom McLoughlin,Comedy,1988962,Date with an Angel,PG,105,5.8,Phoebe Cates,2163,Tom McLoughlin,1987
5800000,In-Cine Compaснa Industrial Cinematogrбfica,USA,Alex Cox,Biography,257043,Walker,R,94,6.6,Ed Harris,2684,Rudy Wurlitzer,1987
0,Cinetel Films,USA,Larry Cohen,Adventure,626724,Deadly Illusion,R,87,4.7,Billy Dee Williams,233,Larry Cohen,1987
0,Zenith Entertainment,UK,Wayne Wang,Mystery,406881,Slam Dance,R,92,5.3,Tom Hulce,1129,Don Keith Opper,1987
19000000,TriStar Pictures,USA,Roger Young,Action,2228951,The Squeeze,PG-13,101,4.6,Michael Keaton,770,Daniel Taplitz,1987
0,British Screen Productions,UK,Terry Jones,Comedy,1744164,Personal Services,R,105,6.4,Julie Walters,1031,David Leland,1987
5000000,Golan-Globus Productions,USA,Peter R. Hunt,Action,6075793,Assassination,PG-13,88,5.1,Charles Bronson,2255,Richard Sale,1987
75000,Titan Productions,USA,David DeCoteau,Horror,13133,Creepozoids,R,72,3.5,Linnea Quigley,1447,Dave Eisenstark,1987
0,Great American Films Limited Partnership,USA,Abel Ferrara,Crime,1262091,China Girl,R,90,6.1,James Russo,1214,Nicholas St. John,1987
12000000,TriStar Pictures,USA,Robert Benton,Comedy,5669831,Nadine,PG,83,5.5,Jeff Bridges,3267,Robert Benton,1987
0,Metro-Goldwyn-Mayer (MGM),USA,Arthur Penn,Drama,2413427,Dead of Winter,R,100,6.3,Mary Steenburgen,2694,Marc Shmuger,1987
0,Seasonal Film Corporation,Hong Kong,Corey Yuen,Adventure,108154,"No Retreat, No Surrender 2",R,104,5.1,Loren Avedon,1209,Maria Elena Cellino,1987
0,Cineplex-Odeon Films,USA,Paul Newman,Drama,895904,The Glass Menagerie,PG,134,7.2,Joanne Woodward,1699,Tennessee Williams,1987
0,Luna Films,Spain,Bigas Luna,Horror,228789,Anguish,R,86,6.7,Zelda Rubinstein,2611,Bigas Luna,1987
0,Channel Four Films,UK,Pat O'Connor,Drama,443524,A Month in the Country,PG,96,7.2,Colin Firth,1038,J.L. Carr,1987
1100000,Conquest Productions,USA,Jeff Burr,Action,1355728,From a Whisper to a Scream,R,99,6,Vincent Price,1489,C. Courtney Joyner,1987
0,Touchstone Pictures,USA,Frank Perry,Comedy,20419446,Hello Again,PG,96,5.1,Shelley Long,2493,Susan Isaacs,1987
0,Sands,UK,Christine Edzard,Drama,1025228,Little Dorrit,G,357,7.5,Derek Jacobi,886,Charles Dickens,1987
0,Metro-Goldwyn-Mayer (MGM),USA,Melvin Frank,Comedy,460608,Walk Like a Man,PG,86,4.6,Christopher Lloyd,1174,Robert Klane,1987
5000000,Golan-Globus Productions,USA,Norman Mailer,Comedy,858250,Tough Guys Don't Dance,R,110,4.8,Ryan O'Neal,1025,Norman Mailer,1987
0,Warner Bros.,USA,Michael Schultz,Comedy,10348437,Disorderlies,PG,86,4.8,Darren Robinson,1708,Mark Feldberg,1987
4000000,New World Entertainment Films,USA,Bill Condon,Drama,743445,"Sister, Sister",R,91,5.5,Eric Stoltz,695,Bill Condon,1987
0,Barry & Enright Productions,USA,Susan Seidelman,Comedy,1584970,Making Mr. Right,PG-13,98,5.3,John Malkovich,2101,Floyd Byars,1987
0,Mrs. White's Productions,UK,Donald Cammell,Horror,225132,White of the Eye,R,100,6.4,David Keith,1342,China Kong,1987
0,New Century Entertainment Corporation,USA,Rick Rosenthal,Drama,2189047,Russkies,PG,100,5.6,Whip Hubley,1126,Sheldon Lettich,1987
15000000,Cannon Group,USA,Jerry Belson,Comedy,5711976,Surrender,PG,105,5.4,Sally Field,692,Jerry Belson,1987
0,Columbia Pictures Corporation,USA,Bill Forsyth,Comedy,1083282,Housekeeping,PG,116,7.3,Christine Lahti,1596,Marilynne Robinson,1987
0,Kennedy Miller Productions,Australia,John Duigan,Drama,213901,The Year My Voice Broke,PG-13,103,7.5,Noah Taylor,1647,John Duigan,1987
0,DGS Productions,USA,Douglas Grossman,Crime,187920,Hell High,R,84,5,Maureen Mooney,464,Leo Evans,1989
0,Alexandre Films,France,Diane Kurys,Drama,949451,A Man in Love,R,125,5.8,Peter Coyote,442,Diane Kurys,1987
0,De Laurentiis Entertainment Group (DEG),USA,Bob Clark,Comedy,9518342,From the Hip,PG,111,6.2,Judd Nelson,1826,Bob Clark,1987
0,Northern,USA,Armyan Bernstein,Comedy,1025762,Cross My Heart,R,90,5.7,Martin Short,883,Armyan Bernstein,1987
0,Lorimar Film Entertainment,USA,Robert Mandel,Adventure,3390043,Big Shots,PG-13,94,5.6,Ricky Busker,654,Joe Eszterhas,1987
14000000,Paramount Pictures,USA,Michael Apted,Comedy,20240502,Critical Condition,R,100,5.2,Richard Pryor,2453,Denis Hamill,1987
0,Cinetel Films,USA,Fred Olen Ray,Action,41174,Cyclone,R,89,4.4,Heather Thomas,692,Paul Garson,1987
0,Kings Road Entertainment,USA,Paul Aaron,Comedy,2136381,Morgan Stewart's Coming Home,PG-13,100,5.4,Jon Cryer,768,Ken Hixon,1987
0,Cinetel Films,USA,Dorothy Ann Puzo,Action,285885,Cold Steel,R,91,4.5,Brad Davis,592,Lisa M. Hansen,1987
0,Cinema Group,USA,Ron Link,Comedy,21905,Zombie High,R,93,4.2,Virginia Madsen,716,Tim Doyle,1987
0,Aljosha,Italy,Federico Fellini,Comedy,112560,Intervista,Not specified,100,7.1,Sergio Rubini,1926,Federico Fellini,1987
0,New Line Cinema,USA,Charlie Loventhal,Comedy,3922273,My Demon Lover,PG-13,90,4.6,Scott Valentine,945,Leslie Ray,1987
0,"Cannon Group, The",USA,David Irving,Fantasy,355253,Rumpelstiltskin,G,84,5.4,Amy Irving,444,Jacob Grimm,1987
0,Apollo Pictures,USA,Lee H. Katzin,Action,307000,World Gone Wild,R,100,5.2,Bruce Dern,543,Jorge Zamacona,1987
0,Millennial,USA,Peter Manoogian,Action,197791,Enemy Territory,R,89,6.5,Gary Frank,570,Stuart Kaminsky,1987
0,RAI Radiotelevisione Italiana,Italy,Peter Del Monte,Drama,901364,Julia and Julia,R,98,5.7,Kathleen Turner,667,Peter Del Monte,1987
0,Centre du Cinйma et de l'Audiovisuel de la Fйdйration Wallonie-Bruxelles,Belgium,Dominique Deruddere,Drama,119919,Crazy Love,Not specified,90,7,Josse De Pauw,949,Charles Bukowski,1987
12000000,De Laurentiis Entertainment Group (DEG),USA,John D. Hancock,Drama,2325444,Weeds,R,115,6,Nick Nolte,717,Dorothy Tristan,1987
0,Flach Film,France,Jean-Loup Hubert,Drama,760539,The Grand Highway,R,104,7.5,Anйmone,1208,Jean-Loup Hubert,1987
0,Laughing Kookaburra Productions,Australia,Ken Cameron,Drama,1155020,Peter Kenna's The Good Wife,R,100,5.8,Rachel Ward,435,Peter Kenna,1987
0,Kings Road Entertainment,USA,Jerry London,Action,295000,Rent-a-Cop,R,96,4.3,Burt Reynolds,1347,Michael Blodgett,1987
0,Les Films du Losange,France,Йric Rohmer,Comedy,823243,Boyfriends and Girlfriends,PG,103,7.7,Emmanuelle Chaulet,2657,Йric Rohmer,1987
0,Channel Four Films,UK,Stephen Frears,Comedy,1196336,Sammy and Rosie Get Laid,Not specified,101,6.7,Shashi Kapoor,1226,Hanif Kureishi,1987
0,Balcor Film Investors,USA,Terry Leonard,Action,4546244,Death Before Dishonor,R,91,4.9,Fred Dryer,659,John Gatliff,1987
0,Tapestry Films,USA,Rick King,Thriller,500283,The Killing Time,R,94,5.4,Beau Bridges,763,Don Bohlinger,1987
0,Channel Four Films,UK,Peter Richardson,Action,200723,Eat the Rich,R,90,6,Al Pillay,1069,Peter Richardson,1987
0,Brigade Productions,USA,Burt Kennedy,Action,205507,The Trouble with Spies,PG-13,91,4,Donald Sutherland,252,Burt Kennedy,1987
0,Embark Production,USA,Joe Camp,Adventure,22257624,Benji the Hunted,G,88,6.3,Red Steagall,2244,Joe Camp,1987
0,First Take,USA,Fred Walton,Crime,1730337,The Rosary Murders,R,105,5.7,Donald Sutherland,960,William X. Kienzle,1987
0,The Swimming Company,USA,Jonathan Demme,Comedy,1092911,Swimming to Cambodia,R,85,7.8,Spalding Gray,1763,Spalding Gray,1987
0,Not specified,USA,Jamaa Fanaka,Comedy,1392616,Penitentiary III,R,90,3.7,Leon Isaac Kennedy,372,Jamaa Fanaka,1987
0,Atlantic Entertainment Group,USA,Robert Boris,Action,1327740,Steele Justice,R,95,4.8,Sela Ward,403,Robert Boris,1987
0,Compagnie Eric Rohmer (CER),France,Йric Rohmer,Comedy,215073,Four Adventures of Reinette and Mirabelle,NOT RATED,95,7.9,Joлlle Miquel,1331,Йric Rohmer,1987
0,New World Pictures,USA,Robert Altman,Comedy,790000,Beyond Therapy,R,93,4.7,Julie Hagerty,944,Christopher Durang,1987
15000000,"Geffen Company, The",USA,Tim Burton,Comedy,73707461,Beetlejuice,PG,92,7.5,Alec Baldwin,206997,Michael McDowell,1988
39000000,Eddie Murphy Productions,USA,John Landis,Comedy,128152300,Coming to America,R,116,7,Eddie Murphy,130485,Eddie Murphy,1988
9000000,United Artists,USA,Tom Holland,Horror,33244684,Child's Play,R,87,6.6,Catherine Hicks,67682,Don Mancini,1988
28000000,Twentieth Century Fox Film Corporation,USA,John McTiernan,Action,83008852,Die Hard,R,131,8.2,Bruce Willis,647000,Roderick Thorp,1988
35000000,Metro-Goldwyn-Mayer (MGM),USA,Ron Howard,Action,57269863,Willow,PG,126,7.3,Val Kilmer,86056,George Lucas,1988
3000000,New World Pictures,USA,Michael Lehmann,Comedy,1108462,Heathers,R,103,7.3,Winona Ryder,67238,Daniel Waters,1988
25000000,United Artists,USA,Barry Levinson,Drama,172825435,Rain Man,R,133,8,Dustin Hoffman,408473,Barry Morrow,1988
4000000,Alive Films,USA,John Carpenter,Action,13008928,They Live,R,94,7.3,Roddy Piper,83379,Ray Nelson,1988
70000000,Touchstone Pictures,USA,Robert Zemeckis,Animation,156452370,Who Framed Roger Rabbit,PG,104,7.7,Bob Hoskins,153513,Gary K. Wolf,1988
0,Akira Committee Company Ltd.,Japan,Katsuhiro Фtomo,Animation,553171,Akira,R,124,8.1,Nozomu Sasaki,118747,Katsuhiro Фtomo,1988
18000000,American Entertainment Partners II L.P.,USA,Penny Marshall,Comedy,114968774,Big,PG,104,7.3,Tom Hanks,164257,Gary Ross,1988
20000000,Touchstone Pictures,USA,Roger Donaldson,Comedy,78222753,Cocktail,R,104,5.8,Tom Cruise,65825,Heywood Gould,1988
5000000,Cristaldifilm,Italy,Giuseppe Tornatore,Drama,11990401,Cinema Paradiso,R,155,8.5,Philippe Noiret,171600,Giuseppe Tornatore,1988
19000000,TriStar Pictures,USA,Chuck Russell,Horror,8247943,The Blob,R,95,6.4,Shawnee Smith,24931,Theodore Simonson,1988
3500000,De Laurentiis Entertainment Group (DEG),USA,Stan Winston,Fantasy,4385516,Pumpkinhead,R,86,6.2,Lance Henriksen,15572,Ed Justin,1988
7500000,Metro-Goldwyn-Mayer (MGM),UK,Charles Crichton,Comedy,63493712,A Fish Called Wanda,R,108,7.6,John Cleese,114144,John Cleese,1988
2000000,Sarlui / Diamant,USA,Stephen Chiodo,Comedy,15625095,Killer Klowns from Outer Space,PG-13,88,6.1,Grant Cramer,25440,Charles Chiodo,1988
30000000,Universal Pictures,USA,Martin Brest,Action,38413606,Midnight Run,R,126,7.6,Robert De Niro,58318,George Gallo,1988
3000000,Film Futures,UK,Tony Randel,Horror,11090735,Hellbound: Hellraiser II,R,97,6.5,Doug Bradley,33241,Clive Barker,1988
15000000,Orion Pictures,USA,Alan Parker,Crime,34603943,Mississippi Burning,R,128,7.8,Gene Hackman,70539,Chris Gerolmo,1988
12000000,Paramount Pictures,USA,David Zucker,Comedy,78041829,The Naked Gun: From the Files of Police Squad!,PG-13,85,7.6,Leslie Nielsen,124515,Jerry Zucker,1988
1100000,Cannon International,USA,Newt Arnold,Action,11806119,Bloodsport,R,92,6.8,Jean-Claude Van Damme,63368,Sheldon Lettich,1988
28000000,Twentieth Century Fox Film Corporation,USA,Mike Nichols,Comedy,64000000,Working Girl,R,113,6.7,Melanie Griffith,44277,Kevin Wade,1988
14000000,Paramount Pictures,Australia,John Cornell,Action,109305000,Crocodile Dundee II,PG,108,5.5,Paul Hogan,46738,Paul Hogan,1988
12500000,Universal Pictures,USA,Don Bluth,Animation,48092846,The Land Before Time,G,69,7.4,Pat Hingle,66623,Stu Krieger,1988
15000000,Universal Pictures,USA,Ivan Reitman,Comedy,111936400,Twins,PG,107,6,Arnold Schwarzenegger,94295,William Davies,1988
14000000,Lorimar Film Entertainment,USA,Stephen Frears,Drama,34700000,Dangerous Liaisons,R,119,7.7,Glenn Close,55823,Christopher Hampton,1988
17000000,The Saul Zaentz Company,USA,Philip Kaufman,Drama,10006806,The Unbearable Lightness of Being,R,171,7.4,Daniel Day-Lewis,28868,Milan Kundera,1988
0,Gaumont,France,Luc Besson,Adventure,3500000,The Big Blue,R,168,7.6,Jean-Marc Barr,40755,Luc Besson,1988
0,All Girl Productions,USA,Garry Marshall,Comedy,57041866,Beaches,PG-13,123,6.8,Bette Midler,19613,Iris Rainer,1988
5000000,Trancas International Films,USA,Dwight H. Little,Horror,17768757,Halloween 4: The Return of Michael Myers,R,88,5.9,Donald Pleasence,32498,Dhani Lipsius,1988
13000000,Morgan Creek Productions,USA,Christopher Cain,Action,45661556,Young Guns,R,107,6.8,Emilio Estevez,45768,John Fusco,1988
29000000,Carolco Pictures,USA,Walter Hill,Action,34994648,Red Heat,R,104,6,Arnold Schwarzenegger,53769,Walter Hill,1988
6000000,Night Life Inc.,USA,Donald Petrie,Comedy,12793213,Mystic Pizza,R,104,6.2,Annabeth Gish,20071,Amy Holden Jones,1988
63000000,Carolco Pictures,USA,Peter MacDonald,Action,53715611,Rambo III,R,102,5.7,Sylvester Stallone,99555,David Morrell,1988
6000000,Paramount Pictures,Canada,Jonathan Kaplan,Drama,32069318,Acusados,R,111,7.1,Kelly McGillis,26126,Tom Topor,1988
7000000,Universal Pictures,Canada,Martin Scorsese,Drama,7630564,The Last Temptation of Christ,R,164,7.6,Willem Dafoe,42782,Nikos Kazantzakis,1988
2000000,New Line Cinema,USA,John Waters,Comedy,6671108,Hairspray,PG,92,7,Sonny Bono,17169,John Waters,1988
0,Orion Pictures,USA,Frank Oz,Comedy,42039085,Dirty Rotten Scoundrels,PG,110,7.3,Steve Martin,54129,Dale Launer,1988
13000000,New Line Cinema,USA,Renny Harlin,Horror,49369899,A Nightmare on Elm Street 4: The Dream Master,R,93,5.7,Robert Englund,39701,Wes Craven,1988
0,American Playhouse,USA,Ramуn Menйndez,Drama,13994920,Stand and Deliver,PG,103,7.3,Edward James Olmos,13270,Ramуn Menйndez,1988
24000000,Hughes Entertainment,USA,Howard Deutch,Comedy,41455230,The Great Outdoors,PG,91,6.6,Dan Aykroyd,31340,John Hughes,1988
0,DDM Film Corporation,USA,Zalman King,Drama,1547397,Two Moon Junction,R,104,5,Sherilyn Fenn,4303,Zalman King,1988
7000000,The Mount Company,USA,Ron Shelton,Comedy,50888729,Bull Durham,R,108,7.1,Kevin Costner,39369,Ron Shelton,1988
7500000,Warner Bros.,USA,Andrew Davis,Action,18869631,Above the Law,R,99,6,Steven Seagal,24061,Andrew Davis,1988
10000000,De Laurentiis Entertainment Group (DEG),UK,Julien Temple,Comedy,3916303,Earth Girls Are Easy,PG,100,5.2,Geena Davis,17315,Julie Brown,1988
31000000,Walt Disney Feature Animation,USA,George Scribner,Animation,74151346,Oliver & Company,G,74,6.7,Joey Lawrence,35531,Jim Cox,1988
31000000,Warner Bros.,USA,Buddy Van Horn,Action,37903295,The Dead Pool,R,91,6.3,Clint Eastwood,33312,Harry Julian Fink,1988
7500000,NBC Productions,USA,James Signorelli,Comedy,5596267,Elvira: Mistress of the Dark,PG-13,96,6.4,Cassandra Peterson,9751,Sam Egan,1988
32000000,Paramount Pictures,USA,Richard Donner,Comedy,60328558,Scrooged,PG-13,101,7,Bill Murray,68098,Mitch Glazer,1988
23000000,Cinema City Films,USA,Robert Towne,Crime,41292551,Tequila Sunrise,R,115,6,Mel Gibson,24708,Robert Towne,1988
20000000,Warner Bros.,USA,Roman Polanski,Crime,17637950,Frantic,R,120,6.9,Harrison Ford,41608,Roman Polanski,1988
2800000,Paramount Pictures,USA,John Carl Buechler,Horror,19170001,Friday the 13th Part VII: The New Blood,R,88,5.3,Jennifer Banko,23959,Daryl Haney,1988
8000000,Twentieth Century Fox Film Corporation,USA,Greg Beeman,Comedy,22433275,License to Drive,PG-13,88,6.3,Corey Haim,14929,Neil Tolkin,1988
46630000,Prominent Features,UK,Terry Gilliam,Adventure,8083123,The Adventures of Baron Munchausen,PG,126,7.2,John Neville,43852,Charles McKeown,1988
13000000,Morgan Creek Productions,Canada,David Cronenberg,Drama,9134733,Dead Ringers,R,116,7.3,Jeremy Irons,32130,David Cronenberg,1988
10500000,Metro-Goldwyn-Mayer (MGM),USA,Gary Sherman,Horror,14114488,Poltergeist III,PG-13,98,4.6,Heather O'Rourke,14165,Gary Sherman,1988
7500000,Vista Organization,USA,Tommy Lee Wallace,Comedy,2983784,Fright Night Part 2,R,104,5.9,William Ragsdale,9005,Tom Holland,1988
3000000,Front Films,USA,Keenen Ivory Wayans,Action,13030057,I'm Gonna Git You Sucka,R,88,6.6,Keenen Ivory Wayans,10455,Keenen Ivory Wayans,1988
