budget,company,country,director,genre,gross,name,released,runtime,score,star,votes,year
8000000,Columbia Pictures Corporation,USA,Rob Reiner,Adventure,52287414,Stand by Me,8/22/1986,89,8.1,Wil Wheaton,299174,1986
6000000,Paramount Pictures,USA,John Hughes,Comedy,70136369,Ferris Bueller's Day Off,6/11/1986,103,7.8,Matthew Broderick,264740,1986
15000000,Paramount Pictures,USA,Tony Scott,Action,179800601,Top Gun,5/16/1986,110,6.9,Tom Cruise,236909,1986
18500000,Twentieth Century Fox Film Corporation,USA,James Cameron,Action,85160248,Aliens,7/18/1986,137,8.4,Sigourney Weaver,540152,1986
9000000,Walt Disney Pictures,USA,Randal Kleiser,Adventure,18564613,Flight of the Navigator,8/1/1986,90,6.9,Joey Cramer,36636,1986
6000000,Hemdale,UK,Oliver Stone,Drama,138530565,Platoon,2/6/1987,120,8.1,Charlie Sheen,317585,1986
25000000,Henson Associates (HA),UK,Jim Henson,Adventure,12729917,Labyrinth,6/27/1986,101,7.4,David Bowie,102879,1986
6000000,De Laurentiis Entertainment Group (DEG),USA,David Lynch,Drama,8551228,Blue Velvet,10/23/1986,120,7.8,Isabella Rossellini,146768,1986
9000000,Paramount Pictures,USA,Howard Deutch,Comedy,40471663,Pretty in Pink,2/28/1986,96,6.8,Molly Ringwald,60565,1986
15000000,SLM Production Group,USA,David Cronenberg,Drama,40456565,The Fly,8/15/1986,96,7.5,Jeff Goldblum,129698,1986
8800000,Rimfire Films,Australia,Peter Faiman,Adventure,174635000,Crocodile Dundee,9/26/1986,97,6.5,Paul Hogan,79465,1986
16000000,Thorn EMI Screen Entertainment,UK,Russell Mulcahy,Action,5900000,Highlander,3/7/1986,116,7.2,Christopher Lambert,104860,1986
6000000,Twentieth Century Fox Film Corporation,USA,David Seltzer,Comedy,8200000,Lucas,3/28/1986,100,6.8,Corey Haim,12228,1986
25000000,Twentieth Century Fox Film Corporation,USA,John Carpenter,Action,11100000,Big Trouble in Little China,7/2/1986,99,7.3,Kurt Russell,101678,1986
15000000,De Laurentiis Entertainment Group (DEG),USA,Michael Mann,Crime,8620929,Manhunter,8/15/1986,120,7.2,William Petersen,54000,1986
17000000,Producers Sales Organization (PSO),USA,Adrian Lyne,Drama,6734844,9Ð Weeks,2/21/1986,117,5.9,Mickey Rourke,31798,1986
10000000,De Laurentiis Entertainment Group (DEG),USA,Stephen King,Action,7433663,Maximum Overdrive,7/25/1986,98,5.4,Emilio Estevez,24881,1986
25000000,"Geffen Company, The",USA,Frank Oz,Comedy,38747385,Little Shop of Horrors,12/19/1986,94,6.9,Rick Moranis,53327,1986
2700000,New Century Entertainment Corporation,USA,Mike Marvin,Action,3500000,The Wraith,11/21/1986,93,5.9,Charlie Sheen,11635,1986
2000000,New Line Cinema,USA,Stephen Herek,Action,13167232,Critters,4/11/1986,82,6.0,Dee Wallace,25517,1986
11000000,Orion Pictures,USA,Alan Metter,Comedy,91258000,Back to School,6/13/1986,96,6.6,Rodney Dangerfield,23120,1986
4700000,Cannon Films,USA,Tobe Hooper,Comedy,8025872,The Texas Chainsaw Massacre 2,8/22/1986,89,5.6,Dennis Hopper,21253,1986
15000000,Jay Weston Productions,USA,Clint Eastwood,Action,42724017,Heartbreak Ridge,12/5/1986,130,6.8,Clint Eastwood,32954,1986
25000000,Paramount Pictures,USA,Leonard Nimoy,Adventure,109713132,Star Trek IV: The Voyage Home,11/26/1986,119,7.3,William Shatner,66366,1986
25000000,Paramount Pictures,USA,Michael Ritchie,Action,79817937,The Golden Child,12/12/1986,94,5.9,Eddie Murphy,42997,1986
1900000,Hemdale,USA,Tim Hunter,Crime,4600000,River's Edge,5/8/1987,99,7.1,Crispin Glover,12862,1986
25000000,L.A. Films,USA,John Landis,Comedy,39246734,ÐThree Amigos!,12/12/1986,104,6.4,Steve Martin,57406,1986
25000000,Warner Bros.,USA,George P. Cosmatos,Action,49042224,Cobra,5/23/1986,87,5.7,Sylvester Stallone,54851,1986
24500000,Warner Bros.,UK,Roland JoffÐ¹,Adventure,17218023,The Mission,10/31/1986,125,7.5,Robert De Niro,47497,1986
13800000,Touchstone Pictures,USA,Martin Scorsese,Drama,52293982,The Color of Money,10/17/1986,119,7.0,Paul Newman,62495,1986
6000000,HBO Films,USA,Robert Harmon,Thriller,5844868,The Hitcher,2/21/1986,97,7.3,Rutger Hauer,36191,1986
10000000,Amblin Entertainment,USA,Richard Benjamin,Comedy,37499651,The Money Pit,3/26/1986,91,6.3,Tom Hanks,41278,1986
3000000,Paramount Pictures,USA,Tom McLoughlin,Horror,19472057,Jason Lives: Friday the 13th Part VI,8/1/1986,86,5.9,Thom Mathews,28310,1986
25000000,The Saul Zaentz Company,USA,Peter Weir,Adventure,14302779,The Mosquito Coast,11/26/1986,117,6.6,Harrison Ford,23076,1986
4000000,Initial Pictures,UK,Alex Cox,Biography,2826523,Sid and Nancy,11/7/1986,112,7.1,Gary Oldman,25032,1986
10000000,De Laurentiis Entertainment Group (DEG),USA,John Guillermin,Action,4711220,King Kong Lives,12/19/1986,105,3.8,Brian Kerwin,4401,1986
4500000,Empire Pictures,USA,Stuart Gordon,Horror,1261000,From Beyond,10/24/1986,86,6.7,Jeffrey Combs,16636,1986
18000000,TriStar Pictures,USA,Francis Ford Coppola,Comedy,41382841,Peggy Sue Got Married,10/10/1986,103,6.3,Kathleen Turner,28529,1986
19000000,Freddie Fields Productions,USA,Brian Gibson,Horror,40996665,Poltergeist II: The Other Side,5/23/1986,91,5.7,JoBeth Williams,20669,1986
1100000,Empire Pictures,USA,John Carl Buechler,Comedy,5450815,Troll,1/17/1986,82,4.3,Michael Moriarty,7569,1986
111000,Maljack Productions,USA,John McNaughton,Biography,609939,Henry: Portrait of a Serial Killer,9/7/1990,83,7.0,Michael Rooker,25367,1986
18000000,ABC Motion Pictures,USA,Harry Winer,Adventure,9697739,SpaceCamp,6/6/1986,107,5.6,Kate Capshaw,11484,1986
6400000,Orion Pictures,USA,Woody Allen,Comedy,40084041,Hannah and Her Sisters,3/14/1986,107,8.0,Mia Farrow,56988,1986
14000000,Walt Disney Pictures,USA,Ron Clements,Animation,38600000,The Great Mouse Detective,7/2/1986,74,7.2,Vincent Price,36539,1986
8500000,De Laurentiis Entertainment Group (DEG),USA,John Irvin,Action,16209459,Raw Deal,6/6/1986,106,5.5,Arnold Schwarzenegger,24851,1986
6000000,Sunbow Productions,USA,Nelson Shin,Animation,5849647,The Transformers: The Movie,8/8/1986,84,7.3,Orson Welles,33609,1986
5000000,TriStar Pictures,USA,Fred Dekker,Comedy,591366,Night of the Creeps,8/22/1986,88,6.8,Jason Lively,16077,1986
12000000,Cannon Pictures,USA,Tobe Hooper,Horror,4884663,Invaders from Mars,6/6/1986,100,5.5,Karen Black,5878,1986
6000000,De Haven Productions,UK,David Anspaugh,Drama,28607524,Hoosiers,2/27/1987,114,7.6,Gene Hackman,36604,1986
6500000,Cinema '85,USA,James Foley,Crime,2347000,At Close Range,4/18/1986,111,7.0,Sean Penn,11607,1986
20000000,Paramount Pictures,USA,Mike Nichols,Comedy,25314289,Heartburn,7/25/1986,108,6.1,Meryl Streep,7570,1986
15000000,Warner Bros.,USA,Michael Chapman,Adventure,1953732,The Clan of the Cave Bear,1/17/1986,98,5.3,Daryl Hannah,5340,1986
12000000,Golan-Globus Productions,USA,Menahem Golan,Action,17768900,The Delta Force,2/14/1986,125,5.6,Chuck Norris,15819,1986
18000000,Paramount Pictures,USA,Ron Howard,Comedy,36611610,Gung Ho,3/14/1986,112,6.2,Michael Keaton,9965,1986
175000,40 Acres & A Mule Filmworks,USA,Spike Lee,Comedy,7137502,She's Gotta Have It,8/8/1986,84,6.6,Tracy Camilla Johns,5257,1986
8700000,Delphi V Productions,USA,Paul Michael Glaser,Action,4865912,Band of the Hand,4/11/1986,109,6.3,Stephen Lang,2297,1986
12000000,Columbia Pictures Corporation,USA,Mark L. Lester,Action,15945534,Armed and Dangerous,8/15/1986,88,5.6,John Candy,9040,1986
1100000,Black Snake,USA,Jim Jarmusch,Comedy,1436000,Down by Law,10/30/1986,107,7.8,Tom Waits,39456,1986
10000000,Orion Pictures,USA,Robert Mandel,Action,20603715,F/X,2/7/1986,109,6.7,Bryan Brown,14502,1986
18000000,Gladden Entertainment,USA,Marshall Brickman,Sci-Fi,3900000,The Manhattan Project,6/13/1986,117,6.1,John Lithgow,4666,1986
5000000,Paramount Pictures,USA,Fred Walton,Horror,12947763,April Fool's Day,3/28/1986,89,6.2,Deborah Foreman,11458,1986
25000000,Brooksfilms,USA,Alan Johnson,Action,1579260,Solarbabies,11/26/1986,94,4.8,Richard Jordan,3397,1986
10000000,Touchstone Pictures,USA,Jeff Kanew,Comedy,21458229,Tough Guys,10/3/1986,104,6.2,Burt Lancaster,5584,1986
12000000,Cinema Group Ventures,USA,Roger Spottiswoode,Comedy,7790931,The Best of Times,1/31/1986,104,5.9,Robin Williams,5523,1986
2000000,Paragon Arts International,UK,Kevin Tenney,Horror,7369373,Witchboard,3/13/1987,98,5.7,Todd Allen,4744,1986
14000000,Touchstone Pictures,USA,Paul Mazursky,Comedy,62134225,Down and Out in Beverly Hills,1/31/1986,103,6.1,Nick Nolte,13569,1986
8500000,Capital Equipment Leasing,UK,Trevor Nunn,Biography,277646,Lady Jane,2/7/1986,136,7.2,Helena Bonham Carter,5364,1986
18000000,Producers Sales Organization (PSO),USA,Hal Ashby,Action,1305114,8 Million Ways to Die,4/25/1986,115,5.7,Jeff Bridges,3607,1986
8000000,Cannon Group,USA,J. Lee Thompson,Action,11834302,Firewalker,11/21/1986,104,5.0,Chuck Norris,4752,1986
3300000,Amaretto Films,USA,Richard Wenk,Comedy,4941117,Vamp,7/18/1986,93,5.9,Chris Makepeace,3909,1986
15000000,Warner Bros.,USA,Harold Ramis,Comedy,12308521,Club Paradise,7/11/1986,96,4.9,Robin Williams,5049,1986
13000000,Metro-Goldwyn-Mayer (MGM),USA,Brian De Palma,Comedy,8475466,Wise Guys,4/18/1986,100,5.6,Danny DeVito,4573,1986
17000000,HandMade Films,UK,Jim Goddard,Adventure,2315683,Shanghai Surprise,8/29/1986,97,3.1,Sean Penn,4339,1986
16000000,Lorimar Productions,USA,Sidney Lumet,Drama,3800000,Power,1/31/1986,111,5.7,Richard Gere,2287,1986
20000000,De Laurentiis Entertainment Group (DEG),USA,Bruce Beresford,Comedy,22905500,Crimes of the Heart,1/23/1987,105,6.4,Diane Keaton,3079,1986
6000000,Golan-Globus Productions,USA,J. Lee Thompson,Action,9947631,Murphy's Law,4/18/1986,100,5.9,Charles Bronson,3561,1986
4000000,"Cannon Group, The",USA,Sam Firstenberg,Action,4679650,Avenging Force,9/12/1986,104,5.9,Michael Dudikoff,1808,1986
18000000,Rastar Pictures,USA,Gene Saks,Comedy,11957943,Brighton Beach Memoirs,12/25/1986,108,6.9,Blythe Danner,2720,1986
25000000,De Laurentiis Entertainment Group (DEG),USA,Daryl Duke,Adventure,4007250,Tai-Pan,11/7/1986,127,5.5,Bryan Brown,1340,1986
17000000,Escalante Productions,USA,Dick Richards,Action,2793214,Heat,3/13/1987,101,5.5,Burt Reynolds,1358,1986
14000000,Columbia Pictures Corporation,USA,Richard Pryor,Biography,18034150,"Jo Jo Dancer, Your Life Is Calling",5/2/1986,97,6.3,Richard Pryor,1288,1986
3401376,Cinema Group Ventures,USA,Renny Harlin,Action,3388020,Born American,8/29/1986,97,4.3,Mike Norris,1509,1986
10000000,Paramount Pictures,USA,Michelle Manning,Action,6947787,Blue City,5/2/1986,83,4.4,Judd Nelson,792,1986
2000000,American Playhouse,USA,Jerrold Freedman,Drama,1301121,Native Son,12/12/1986,111,5.9,Victor Love,448,1986
18000000,J&M; Entertainment,UK,Zoran Perisic,Action,2295500,Sky Bandits,10/31/1986,100,4.6,Scott McGinnis,183,1986
1500000,Cinetel Films,USA,Fred Olen Ray,Action,1368912,Armed Response,10/3/1986,86,4.9,David Carradine,489,1986
16000000,Act III Communications,USA,Rob Reiner,Adventure,30857814,The Princess Bride,10/9/1987,98,8.1,Cary Elwes,320953,1987
1000000,Cinemarque Entertainment BV,UK,Clive Barker,Horror,14564027,Hellraiser,9/18/1987,94,7.0,Andrew Robinson,83209,1987
6000000,Great American Films Limited Partnership,USA,Emile Ardolino,Drama,63952836,Dirty Dancing,8/21/1987,100,6.9,Patrick Swayze,155978,1987
15000000,Amercent Films,USA,John McTiernan,Action,59735548,Predator,6/12/1987,107,7.8,Arnold Schwarzenegger,313213,1987
27000000,Braveworld Productions,USA,Paul Michael Glaser,Action,38122105,The Running Man,11/13/1987,101,6.6,Arnold Schwarzenegger,120345,1987
22700000,Brooksfilms,USA,Mel Brooks,Adventure,38119483,Spaceballs,6/24/1987,96,7.1,Mel Brooks,146748,1987
13000000,Orion Pictures,USA,Paul Verhoeven,Action,53424681,RoboCop,7/17/1987,102,7.5,Peter Weller,196245,1987
15000000,Warner Bros.,USA,Richard Donner,Action,65207127,Lethal Weapon,3/6/1987,110,7.6,Mel Gibson,204328,1987
25000000,Paramount Pictures,USA,Brian De Palma,Crime,76270454,The Untouchables,6/3/1987,119,7.9,Kevin Costner,234254,1987
3600000,De Laurentiis Entertainment Group (DEG),USA,Sam Raimi,Comedy,5923044,Evil Dead II,3/13/1987,84,7.8,Bruce Campbell,123325,1987
22000000,Golan-Globus Productions,USA,Gary Goddard,Action,17336370,Masters of the Universe,8/7/1987,106,5.4,Dolph Lundgren,30370,1987
12000000,Home Box Office (HBO),USA,Fred Dekker,Action,3769990,The Monster Squad,8/14/1987,82,7.2,Andre Gower,21420,1987
14000000,Paramount Pictures,USA,Adrian Lyne,Drama,156645693,Fatal Attraction,9/18/1987,119,6.9,Michael Douglas,60383,1987
15000000,Twentieth Century Fox Film Corporation,USA,Oliver Stone,Crime,43848100,Wall Street,12/11/1987,126,7.4,Charlie Sheen,126195,1987
22000000,Warner Bros.,USA,George Miller,Comedy,63766510,The Witches of Eastwick,6/12/1987,118,6.5,Jack Nicholson,51642,1987
4500000,New Line Cinema,USA,Chuck Russell,Action,44793222,A Nightmare on Elm Street 3: Dream Warriors,2/27/1987,96,6.6,Heather Langenkamp,55414,1987
23000000,Universal Pictures,USA,Joseph Sargent,Adventure,20763013,Jaws: The Revenge,7/17/1987,89,2.9,Lorraine Gary,33419,1987
25000000,Cannon Group,USA,Menahem Golan,Action,16057580,Over the Top,2/13/1987,93,5.7,Sylvester Stallone,40916,1987
6000000,Circle Films,USA,Joel Coen,Comedy,22847564,Raising Arizona,4/17/1987,94,7.4,Nicolas Cage,107669,1987
17000000,Carolco International N.V.,UK,Alan Parker,Horror,17185632,Angel Heart,3/6/1987,113,7.3,Mickey Rourke,67453,1987
6000000,Gladden Entertainment,USA,Michael Gottlieb,Comedy,42721196,Mannequin,2/13/1987,90,5.8,Andrew McCarthy,24626,1987
27000000,Warner Bros.,USA,Joe Dante,Action,25893810,Innerspace,7/1/1987,120,6.8,Dennis Quaid,45172,1987
15000000,Metro-Goldwyn-Mayer (MGM),USA,Norman Jewison,Comedy,80640528,Moonstruck,1/15/1988,102,7.1,Cher,38600,1987
28000000,Paramount Pictures,USA,Tony Scott,Action,153665000,Beverly Hills Cop II,5/20/1987,100,6.5,Eddie Murphy,90969,1987
23000000,Recorded Picture Company (RPC),UK,Bernardo Bertolucci,Biography,43984230,The Last Emperor,4/15/1988,163,7.8,John Lone,76408,1987
13000000,Touchstone Pictures,USA,Barry Levinson,Biography,123922370,"Good Morning, Vietnam",1/15/1988,121,7.3,Robin Williams,106924,1987
2600000,Merchant Ivory Productions,UK,James Ivory,Drama,3130592,Maurice,9/18/1987,140,7.7,James Wilby,11837,1987
11000000,Interscope Communications,USA,Leonard Nimoy,Comedy,167780960,3 Men and a Baby,11/25/1987,102,5.9,Tom Selleck,39544,1987
3000000,Alive Films,USA,John Carpenter,Horror,14182492,Prince of Darkness,10/23/1987,102,6.7,Donald Pleasence,28064,1987
6500000,Columbia Pictures Corporation,USA,Luis Valdez,Biography,54215416,La Bamba,7/24/1987,108,6.8,Lou Diamond Phillips,22839,1987
5000000,F/M,USA,Kathryn Bigelow,Action,3369307,Near Dark,1988,94,7.0,Adrian Pasdar,27485,1987
15000000,Orion Pictures,USA,Roger Donaldson,Action,35509515,No Way Out,8/14/1987,114,7.1,Kevin Costner,28684,1987
20000000,Amercent Films,USA,James L. Brooks,Comedy,51249404,Broadcast News,12/25/1987,133,7.2,William Hurt,22802,1987
2500000,New Century Entertainment Corporation,Canada,Tibor TakÐ±cs,Fantasy,13539458,TÑnel al infierno,5/15/1987,85,6.0,Stephen Dorff,11435,1987
17000000,Cannon Films,UK,Sidney J. Furie,Action,15681020,Superman IV: The Quest for Peace,7/24/1987,90,3.6,Christopher Reeve,35866,1987
3500000,Laurel Entertainment Inc.,USA,Michael Gornick,Comedy,14000000,Creepshow 2,5/1/1987,92,6.0,George Kennedy,17500,1987
3000000,Atlantic Entertainment Group,USA,Christopher Leitch,Comedy,7888703,Teen Wolf Too,11/20/1987,95,3.2,Jason Bateman,8905,1987
12000000,Columbia Pictures Industries,USA,Fred Schepisi,Comedy,40050884,Roxanne,6/19/1987,107,6.6,Steve Martin,34794,1987
12000000,Rastar Pictures,USA,Herbert Ross,Comedy,66995879,The Secret of My Succe$s,4/10/1987,111,6.5,Michael J. Fox,24685,1987
20000000,Applied Action,USA,Tom Mankiewicz,Comedy,57387516,Dragnet,6/26/1987,106,5.9,Dan Aykroyd,27387,1987
18000000,TriStar Pictures,USA,Blake Edwards,Comedy,39321715,Blind Date,3/27/1987,95,5.9,Kim Basinger,17903,1987
1000000,Atlantic Entertainment Group,USA,Rod Amateau,Adventure,1576615,The Garbage Pail Kids Movie,8/22/1987,100,2.7,Anthony Newley,6348,1987
14000000,Orion Pictures,USA,Danny DeVito,Comedy,57915972,Throw Momma from the Train,12/11/1987,88,6.2,Danny DeVito,28550,1987
3000000,Golan-Globus Productions,USA,Barbet Schroeder,Comedy,3221568,Barfly,10/16/1987,100,7.3,Mickey Rourke,15647,1987
6000000,Universal Pictures,USA,Phil Joanou,Comedy,3685862,Three O'Clock High,10/9/1987,97,7.2,Casey Siemaszko,8970,1987
15000000,Amercent Films,USA,James Toback,Comedy,13290368,The Pick-up Artist,9/18/1987,81,5.2,Molly Ringwald,5348,1987
16000000,Orion Pictures,USA,Woody Allen,Comedy,14792779,Radio Days,1/30/1987,88,7.6,Mia Farrow,26467,1987
3000000,Emshell Producers,USA,John R. Cherry III,Comedy,23509382,Ernest Goes to Camp,5/22/1987,92,5.5,Jim Varney,9526,1987
17000000,Columbia Pictures Corporation,USA,Ridley Scott,Crime,10278549,Someone to Watch Over Me,10/9/1987,106,6.1,Tom Berenger,7854,1987
29000000,Universal Pictures,UK,Richard Attenborough,Biography,5899797,Cry Freedom,11/6/1987,157,7.5,Denzel Washington,10692,1987
6000000,Fourth Protocol,UK,John Mackenzie,Thriller,12423831,The Fourth Protocol,8/28/1987,119,6.5,Michael Caine,7532,1987
27000000,Home Box Office (HBO),USA,Hector Babenco,Drama,7393346,Ironweed,2/12/1988,143,6.8,Jack Nicholson,6874,1987
5000000,Cannon Group,USA,J. Lee Thompson,Action,6880310,Death Wish 4: The Crackdown,11/6/1987,99,5.3,Charles Bronson,6770,1987
18000000,Amercent Films,USA,Jonathan Kaplan,Comedy,18532286,Project X,4/17/1987,108,6.1,Matthew Broderick,8879,1987
4000000,Cannon Films,USA,Ruggero Deodato,Fantasy,800000,The Barbarians,3/20/1987,87,4.9,David Paul,2538,1987
100000,Conquering Unicorn,USA,Robert Townsend,Comedy,5228617,Hollywood Shuffle,3/20/1987,78,7.0,Robert Townsend,3009,1987
22000000,Carolco Entertainment,USA,Walter Hill,Action,11307844,Extreme Prejudice,4/24/1987,96,6.6,Nick Nolte,4924,1987
350000,Cannon Group,USA,Sam Firstenberg,Action,4000000,American Ninja 2: The Confrontation,5/1/1987,90,4.8,Michael Dudikoff,6565,1987
4000000,Cinecom Entertainment Group,USA,John Sayles,Drama,1680358,Matewan,6/30/1988,135,7.9,Chris Cooper,6198,1987
24000000,Columbia Pictures,USA,Paul Weiland,Action,4916871,Leonard Part 6,12/18/1987,85,2.2,Bill Cosby,7387,1987
5000000,Golan-Globus Productions,USA,Jerry Schatzberg,Crime,1119112,Street Smart,3/20/1987,97,6.4,Christopher Reeve,2096,1987
9000000,Gladden Entertainment,USA,Michael Cimino,Action,5406879,The Sicilian,10/23/1987,115,5.3,Christopher Lambert,3889,1987
7000000,De Laurentiis Entertainment Group (DEG),USA,Bob Giraldi,Comedy,7019441,Hiding Out,11/6/1987,98,6.4,Jon Cryer,2584,1987
10000000,Orion Pictures,USA,Harley Cokeliss,Action,3060858,Malone,5/1/1987,92,5.6,Burt Reynolds,1959,1987
6000000,"Samuel Goldwyn Company, The",UK,Mike Hodges,Action,1432687,A Prayer for the Dying,9/11/1987,107,6.4,Mickey Rourke,3731,1987
5300000,Columbia Pictures,UK,Michael Radford,Crime,3107551,White Mischief,5/6/1988,107,6.3,Sarah Miles,2171,1987
10000000,Rollins-Joffe Productions,USA,Woody Allen,Drama,486434,September,12/18/1987,83,6.7,Elaine Stritch,7620,1987
3520000,Independent Film Centre,USA,Lance Hool,Action,562187,Steel Dawn,3/31/1988,100,5.0,Patrick Swayze,3860,1987
1300000,Empire Pictures,USA,Renny Harlin,Crime,354704,Prison,12/8/1987,102,5.9,Lane Smith,3019,1987
25000000,Warner Bros.,USA,Martin Ritt,Drama,30950002,Nuts,12/11/1987,116,6.7,Barbra Streisand,4996,1987
11000000,Bandai Films,USA,Barry Levinson,Comedy,25411386,Tin Men,3/13/1987,112,6.5,Richard Dreyfuss,6960,1987
7500000,De Laurentiis Entertainment Group (DEG),USA,William Friedkin,Drama,796368,Rampage,10/30/1992,97,6.3,Michael Biehn,1625,1987
3000000,Vista Organization,USA,Amy Holden Jones,Fantasy,9868521,Maid to Order,7/31/1987,93,5.5,Ally Sheedy,2786,1987
1000000,Commies From Mars Corporation,UK,Alex Cox,Action,210200,Straight to Hell,6/26/1987,100,5.8,Sy Richardson,1924,1987
100000,Silent Night Releasing Corporation,USA,Lee Harry,Horror,154323,"Silent Night, Deadly Night 2",4/10/1987,88,3.5,Eric Freeman,4329,1987
8000000,De Laurentiis Entertainment Group (DEG),USA,Tom McLoughlin,Comedy,1988962,Date with an Angel,11/20/1987,105,5.8,Phoebe Cates,2163,1987
5800000,In-Cine CompaÑÐ½a Industrial CinematogrÐ±fica,USA,Alex Cox,Biography,257043,Walker,12/4/1987,94,6.6,Ed Harris,2684,1987
19000000,TriStar Pictures,USA,Roger Young,Action,2228951,The Squeeze,7/10/1987,101,4.6,Michael Keaton,770,1987
5000000,Golan-Globus Productions,USA,Peter R. Hunt,Action,6075793,Assassination,1/9/1987,88,5.1,Charles Bronson,2255,1987
75000,Titan Productions,USA,David DeCoteau,Horror,13133,Creepozoids,10/2/1987,72,3.5,Linnea Quigley,1447,1987
12000000,TriStar Pictures,USA,Robert Benton,Comedy,5669831,Nadine,8/7/1987,83,5.5,Jeff Bridges,3267,1987
1100000,Conquest Productions,USA,Jeff Burr,Action,1355728,From a Whisper to a Scream,9/4/1987,99,6.0,Vincent Price,1489,1987
5000000,Golan-Globus Productions,USA,Norman Mailer,Comedy,858250,Tough Guys Don't Dance,9/18/1987,110,4.8,Ryan O'Neal,1025,1987
4000000,New World Entertainment Films,USA,Bill Condon,Drama,743445,"Sister, Sister",2/9/1988,91,5.5,Eric Stoltz,695,1987
15000000,Cannon Group,USA,Jerry Belson,Comedy,5711976,Surrender,10/9/1987,105,5.4,Sally Field,692,1987
14000000,Paramount Pictures,USA,Michael Apted,Comedy,20240502,Critical Condition,1/16/1987,100,5.2,Richard Pryor,2453,1987
12000000,De Laurentiis Entertainment Group (DEG),USA,John D. Hancock,Drama,2325444,Weeds,10/16/1987,115,6.0,Nick Nolte,717,1987
15000000,"Geffen Company, The",USA,Tim Burton,Comedy,73707461,Beetlejuice,3/30/1988,92,7.5,Alec Baldwin,206997,1988
9000000,United Artists,USA,Tom Holland,Horror,33244684,Child's Play,11/9/1988,87,6.6,Catherine Hicks,67682,1988
28000000,Twentieth Century Fox Film Corporation,USA,John McTiernan,Action,83008852,Die Hard,7/20/1988,131,8.2,Bruce Willis,647000,1988
3000000,New World Pictures,USA,Michael Lehmann,Comedy,1108462,Heathers,3/31/1989,103,7.3,Winona Ryder,67238,1988
25000000,United Artists,USA,Barry Levinson,Drama,172825435,Rain Man,12/16/1988,133,8.0,Dustin Hoffman,408473,1988
4000000,Alive Films,USA,John Carpenter,Action,13008928,They Live,11/4/1988,94,7.3,Roddy Piper,83379,1988
18000000,American Entertainment Partners II L.P.,USA,Penny Marshall,Comedy,114968774,Big,6/3/1988,104,7.3,Tom Hanks,164257,1988
20000000,Touchstone Pictures,USA,Roger Donaldson,Comedy,78222753,Cocktail,7/29/1988,104,5.8,Tom Cruise,65825,1988
5000000,Cristaldifilm,Italy,Giuseppe Tornatore,Drama,11990401,Cinema Paradiso,2/23/1990,155,8.5,Philippe Noiret,171600,1988
19000000,TriStar Pictures,USA,Chuck Russell,Horror,8247943,The Blob,8/5/1988,95,6.4,Shawnee Smith,24931,1988
3500000,De Laurentiis Entertainment Group (DEG),USA,Stan Winston,Fantasy,4385516,Pumpkinhead,1/13/1989,86,6.2,Lance Henriksen,15572,1988
7500000,Metro-Goldwyn-Mayer (MGM),UK,Charles Crichton,Comedy,63493712,A Fish Called Wanda,8/5/1988,108,7.6,John Cleese,114144,1988
2000000,Sarlui / Diamant,USA,Stephen Chiodo,Comedy,15625095,Killer Klowns from Outer Space,5/27/1988,88,6.1,Grant Cramer,25440,1988
3000000,Film Futures,UK,Tony Randel,Horror,11090735,Hellbound: Hellraiser II,12/23/1988,97,6.5,Doug Bradley,33241,1988
15000000,Orion Pictures,USA,Alan Parker,Crime,34603943,Mississippi Burning,1/27/1989,128,7.8,Gene Hackman,70539,1988
12000000,Paramount Pictures,USA,David Zucker,Comedy,78041829,The Naked Gun: From the Files of Police Squad!,12/2/1988,85,7.6,Leslie Nielsen,124515,1988
1100000,Cannon International,USA,Newt Arnold,Action,11806119,Bloodsport,4/29/1988,92,6.8,Jean-Claude Van Damme,63368,1988
28000000,Twentieth Century Fox Film Corporation,USA,Mike Nichols,Comedy,64000000,Working Girl,12/21/1988,113,6.7,Melanie Griffith,44277,1988
14000000,Paramount Pictures,Australia,John Cornell,Action,109305000,Crocodile Dundee II,5/25/1988,108,5.5,Paul Hogan,46738,1988
12500000,Universal Pictures,USA,Don Bluth,Animation,48092846,The Land Before Time,11/18/1988,69,7.4,Pat Hingle,66623,1988
15000000,Universal Pictures,USA,Ivan Reitman,Comedy,111936400,Twins,12/9/1988,107,6.0,Arnold Schwarzenegger,94295,1988
14000000,Lorimar Film Entertainment,USA,Stephen Frears,Drama,34700000,Dangerous Liaisons,2/24/1989,119,7.7,Glenn Close,55823,1988
17000000,The Saul Zaentz Company,USA,Philip Kaufman,Drama,10006806,The Unbearable Lightness of Being,2/5/1988,171,7.4,Daniel Day-Lewis,28868,1988
5000000,Trancas International Films,USA,Dwight H. Little,Horror,17768757,Halloween 4: The Return of Michael Myers,10/21/1988,88,5.9,Donald Pleasence,32498,1988
13000000,Morgan Creek Productions,USA,Christopher Cain,Action,45661556,Young Guns,8/12/1988,107,6.8,Emilio Estevez,45768,1988
29000000,Carolco Pictures,USA,Walter Hill,Action,34994648,Red Heat,6/17/1988,104,6.0,Arnold Schwarzenegger,53769,1988
6000000,Night Life Inc.,USA,Donald Petrie,Comedy,12793213,Mystic Pizza,10/21/1988,104,6.2,Annabeth Gish,20071,1988
6000000,Paramount Pictures,Canada,Jonathan Kaplan,Drama,32069318,Acusados,10/14/1988,111,7.1,Kelly McGillis,26126,1988
7000000,Universal Pictures,Canada,Martin Scorsese,Drama,7630564,The Last Temptation of Christ,3/12/2004,164,7.6,Willem Dafoe,42782,1988
2000000,New Line Cinema,USA,John Waters,Comedy,6671108,Hairspray,2/26/1988,92,7.0,Sonny Bono,17169,1988
13000000,New Line Cinema,USA,Renny Harlin,Horror,49369899,A Nightmare on Elm Street 4: The Dream Master,8/19/1988,93,5.7,Robert Englund,39701,1988
24000000,Hughes Entertainment,USA,Howard Deutch,Comedy,41455230,The Great Outdoors,6/17/1988,91,6.6,Dan Aykroyd,31340,1988
7000000,The Mount Company,USA,Ron Shelton,Comedy,50888729,Bull Durham,6/15/1988,108,7.1,Kevin Costner,39369,1988
7500000,Warner Bros.,USA,Andrew Davis,Action,18869631,Above the Law,4/22/1988,99,6.0,Steven Seagal,24061,1988
10000000,De Laurentiis Entertainment Group (DEG),UK,Julien Temple,Comedy,3916303,Earth Girls Are Easy,5/12/1989,100,5.2,Geena Davis,17315,1988
7500000,NBC Productions,USA,James Signorelli,Comedy,5596267,Elvira: Mistress of the Dark,9/30/1988,96,6.4,Cassandra Peterson,9751,1988
23000000,Cinema City Films,USA,Robert Towne,Crime,41292551,Tequila Sunrise,12/2/1988,115,6.0,Mel Gibson,24708,1988
20000000,Warner Bros.,USA,Roman Polanski,Crime,17637950,Frantic,2/26/1988,120,6.9,Harrison Ford,41608,1988
2800000,Paramount Pictures,USA,John Carl Buechler,Horror,19170001,Friday the 13th Part VII: The New Blood,5/13/1988,88,5.3,Jennifer Banko,23959,1988
8000000,Twentieth Century Fox Film Corporation,USA,Greg Beeman,Comedy,22433275,License to Drive,7/6/1988,88,6.3,Corey Haim,14929,1988
13000000,Morgan Creek Productions,Canada,David Cronenberg,Drama,9134733,Dead Ringers,9/23/1988,116,7.3,Jeremy Irons,32130,1988
10500000,Metro-Goldwyn-Mayer (MGM),USA,Gary Sherman,Horror,14114488,Poltergeist III,6/10/1988,98,4.6,Heather O'Rourke,14165,1988
7500000,Vista Organization,USA,Tommy Lee Wallace,Comedy,2983784,Fright Night Part 2,5/19/1989,104,5.9,William Ragsdale,9005,1988
3000000,Front Films,USA,Keenen Ivory Wayans,Action,13030057,I'm Gonna Git You Sucka,2/23/1989,88,6.6,Keenen Ivory Wayans,10455,1988
22000000,Zacharias-Buhai Productions,USA,Bud S. Smith,Comedy,17550399,Johnny Be Good,3/25/1988,91,4.5,Anthony Michael Hall,5006,1988
1100000,Shapiro-Glickenhaus Entertainment,USA,William Lustig,Action,671382,Maniac Cop,5/13/1988,85,6.0,Tom Atkins,10850,1988
10000000,Orion Pictures,USA,Jonathan Demme,Comedy,21486757,Married to the Mob,8/19/1988,104,6.1,Michelle Pfeiffer,13416,1988
6000000,Orion Pictures,USA,Dennis Hopper,Action,46616067,Colors,4/29/1988,120,6.7,Sean Penn,20490,1988
17000000,Vision PDG,Ireland,Neil Jordan,Comedy,8578231,El Hotel de los Fantasmas,11/18/1988,99,5.7,Peter O'Toole,6979,1988
3000000,Double Play,USA,Sidney Lumet,Crime,2835116,Running on Empty,9/9/1988,116,7.7,River Phoenix,11312,1988
1200000,Blue Rider Pictures,USA,Kevin Tenney,Comedy,3109904,Night of the Demons,10/14/1988,90,6.3,Cathy Podewell,9897,1988
13000000,Mac and Me Joint Venture,USA,Stewart Raffill,Adventure,6424112,Mac and Me,8/12/1988,95,3.4,Christine Ebersole,8043,1988
4500000,New Line Cinema,USA,Mick Garris,Comedy,3813293,Critters 2,4/29/1988,86,5.3,Scott Grimes,11122,1988
20000000,Weintraub Entertainment Group,USA,Richard Benjamin,Comedy,13854000,My Stepmother Is an Alien,12/9/1988,105,5.2,Dan Aykroyd,22281,1988
6200000,Lorimar Film Entertainment,USA,Ken Wiederhorn,Comedy,9205924,Return of the Living Dead II,1/15/1988,89,5.8,James Karen,14998,1988
22000000,Universal Pictures,USA,Michael Apted,Biography,24720479,Gorillas in the Mist,10/7/1988,129,7.0,Sigourney Weaver,20378,1988
2000000,Magellan Pictures,USA,Robert Bierman,Comedy,725131,Vampire's Kiss,6/2/1989,103,5.9,Nicolas Cage,10474,1988
2500000,White Lair,UK,Ken Russell,Comedy,1189315,The Lair of the White Worm,10/21/1988,93,5.9,Amanda Donohoe,7908,1988
7000000,Universal Pictures,USA,Wes Craven,Fantasy,19595031,The Serpent and the Rainbow,2/5/1988,98,6.5,Bill Pullman,18528,1988
5000000,Columbia Pictures Corporation,Sweden,Ken Annakin,Family,3569939,Las travesuras de una pelirojja,7/29/1988,100,5.9,Tami Erin,3474,1988
6000000,Orion Pictures,USA,John Sayles,Drama,5680515,Eight Men Out,9/2/1988,119,7.3,John Cusack,15946,1988
4700000,New Sky Communications Inc.,USA,Frank LaLoggia,Fantasy,1705139,Lady in White,4/22/1988,113,6.7,Lukas Haas,5135,1988
700000,Laurenfilm,Spain,Pedro AlmodÑvar,Comedy,7179298,Women on the Verge of a Nervous Breakdown,11/11/1988,88,7.6,Carmen Maura,27755,1988
3000000,Spacegate Productions,USA,Don Coscarelli,Action,7282851,Phantasm II,7/8/1988,97,6.5,James Le Gros,10789,1988
25000000,United Artists,Japan,James Bridges,Drama,16118077,Luces de una gran ciudad,4/1/1988,107,5.6,Michael J. Fox,6165,1988
7000000,Orion Pictures,USA,George A. Romero,Drama,5344577,Monkey Shines,7/29/1988,113,6.2,Jason Beghe,8595,1988
19000000,Cornelius Productions,USA,George Roy Hill,Comedy,25537221,Funny Farm,6/3/1988,101,6.1,Chevy Chase,16321,1988
16000000,American Entertainment Partners II L.P.,USA,Graham Baker,Action,25216243,Alien Nation,10/7/1988,91,6.3,James Caan,12143,1988
7000000,Lorimar Film Entertainment,USA,Craig R. Baxley,Action,20257000,Action Jackson,2/12/1988,96,5.2,Carl Weathers,8065,1988
22000000,Esparza,USA,Robert Redford,Comedy,13825794,The Milagro Beanfield War,3/18/1988,117,6.9,RubÐ¹n Blades,5289,1988
23000000,Lucasfilm,USA,Francis Ford Coppola,Biography,19652638,Tucker: The Man and His Dream,8/12/1988,110,6.9,Jeff Bridges,12469,1988
6500000,Columbia Pictures Corporation,USA,Spike Lee,Comedy,14545844,School Daze,2/12/1988,121,5.8,Laurence Fishburne,5042,1988
3700000,Hemdale,USA,Steve De Jarnatt,Action,1145404,Miracle Mile,5/19/1989,87,7.0,Anthony Edwards,6985,1988
17500000,Zanuck/Brown Productions,USA,Daniel Petrie,Adventure,18924919,Cocoon: The Return,11/23/1988,116,5.3,Don Ameche,12956,1988
4000000,Producers Representative Organization,UK,Martin Donovan,Drama,670774,Apartment Zero,9/15/1989,124,6.9,Hart Bochner,3259,1988
10000000,Jack Rollins & Charles H. Joffe Productions,USA,Woody Allen,Drama,1562749,Another Woman,11/18/1988,81,7.4,Gena Rowlands,10826,1988
9000000,"Malpaso Company, The",USA,Clint Eastwood,Biography,2181286,Bird,9/30/1988,161,7.2,Forest Whitaker,9685,1988
15000000,Cannon Entertainment,Australia,Fred Schepisi,Drama,6908797,A Cry in the Dark,11/11/1988,120,6.9,Meryl Streep,7622,1988
20000000,Rastar Pictures,USA,Mike Nichols,Comedy,43184798,Biloxi Blues,3/25/1988,106,6.6,Matthew Broderick,12590,1988
4000000,Cineplex-Odeon Films,USA,Oliver Stone,Drama,3468572,Talk Radio,1/13/1989,110,7.3,Eric Bogosian,10745,1988
20000000,"Guber-Peters Company, The",USA,Allan Arkush,Comedy,11798302,Caddyshack II,7/22/1988,98,3.7,Jackie Mason,12956,1988
18000000,Imagine Entertainment,USA,Ken Kwapis,Adventure,1883811,Vibes,8/5/1988,99,5.5,Cyndi Lauper,2850,1988
19000000,United Artists,USA,Costa-Gavras,Drama,25816139,Betrayed,8/26/1988,127,6.3,Debra Winger,4580,1988
16000000,Abramoff Production,South Africa,Joseph Zito,Action,4192440,Escorpion rojo,4/21/1989,105,5.0,Dolph Lundgren,6925,1988
6000000,Aspen Film Society,USA,Paul Golding,Horror,40397,Pulse,3/4/1988,95,5.5,Cliff De Young,1781,1988
14000000,Weintraub Entertainment Group,USA,David Anspaugh,Drama,6640346,Fresh Horses,11/18/1988,105,5.0,Molly Ringwald,1439,1988
5000000,Helpern / Meltzer,USA,Mark Goldblatt,Action,3588626,Dead Heat,6/29/1988,86,6.0,Treat Williams,5127,1988
210000,Miracle Pictures,USA,Jim Wynorski,Comedy,107352,Not of This Earth,5/20/1988,81,4.5,Traci Lords,1724,1988
15000000,Columbia Pictures Corporation,USA,Richard Benjamin,Drama,1733070,Little Nikita,3/18/1988,98,6.0,Sidney Poitier,4132,1988
15000000,Columbia Pictures Corporation,USA,David Seltzer,Comedy,21032267,Punchline,10/7/1988,128,5.8,Sally Field,6938,1988
8000000,Hemdale,USA,Harold Becker,Drama,784990,The Boost,12/23/1988,95,6.1,James Woods,1629,1988
20000000,Universal Pictures,USA,Paul Mazursky,Comedy,11444204,Moon Over Parador,9/9/1988,103,5.9,Richard Dreyfuss,4778,1988
6000000,Touchstone Pictures,USA,John R. Cherry III,Comedy,28202109,Ernest Saves Christmas,11/11/1988,95,5.6,Jim Varney,8513,1988
3000000,Atlantic Entertainment Group,USA,James B. Harris,Crime,1884315,Cop,3/11/1988,110,6.4,James Woods,3419,1988
4000000,Warner Bros.,USA,Joan Micklin Silver,Comedy,16262415,Crossing Delancey,9/16/1988,97,6.9,Amy Irving,2935,1988
6000000,Shapiro-Glickenhaus Entertainment,USA,James Glickenhaus,Action,10068039,Shakedown,5/6/1988,93,5.9,Peter Weller,2087,1988
19000000,Orion Pictures,USA,Michael Ritchie,Comedy,11005304,The Couch Trip,1/15/1988,97,5.7,Dan Aykroyd,3961,1988
8000000,Paramount Pictures,USA,Marisa Silver,Drama,1893139,Permanent Record,4/22/1988,91,6.4,Alan Boyce,1550,1988
6000000,TriStar Pictures,Canada,Pen Densham,Drama,1869148,The Kiss,10/14/1988,101,5.5,Joanna Pacula,1258,1988
14000000,Touchstone Pictures,USA,Leonard Nimoy,Drama,4764606,The Good Mother,11/4/1988,100,5.9,Diane Keaton,1361,1988
19000000,Cecchi Gori Group Tiger Cinematografica,USA,Blake Edwards,Crime,4594452,Sunset,4/29/1988,102,5.7,Bruce Willis,3333,1988
1000000,Cinema Group,USA,Rowdy Herrington,Crime,492519,Jack's Back,5/6/1988,97,6.0,James Spader,1968,1988
5000000,HandMade Films,UK,Nicolas Roeg,Drama,429028,Track 29,7/12/1988,100,5.9,Theresa Russell,1563,1988
4000000,No Frills Film Production,USA,Andrew Fleming,Horror,9797098,Bad Dreams,4/8/1988,84,5.6,Jennifer Rubin,2583,1988
13000000,Silver Screen Partners III,USA,Chris Columbus,Comedy,5509417,Heartbreak Hotel,9/30/1988,97,5.7,David Keith,1017,1988
18000000,TriStar Pictures,USA,Ted Kotcheff,Comedy,9129999,Switching Channels,3/4/1988,105,5.9,Kathleen Turner,2789,1988
14000000,Orion Pictures,USA,Peter Yates,Thriller,459824,The House on Carroll Street,3/4/1988,101,6.2,Kelly McGillis,1844,1988
13000000,Crescent Moon,USA,Peter Bogdanovich,Comedy,259019,Illegally Yours,5/13/1988,102,4.2,Rob Lowe,734,1988
5000000,Cinetel Films,USA,Steve Carver,Action,807947,Bulletproof,3/4/1988,93,5.0,Gary Busey,1057,1988
12000000,Metro-Goldwyn-Mayer (MGM),USA,Henry Winkler,Comedy,3965604,Memories of Me,10/7/1988,100,5.7,Billy Crystal,789,1988
1600000,Cinetel Films,USA,Michael Schroeder,Comedy,419428,Out of the Dark,5/5/1989,89,5.4,Cameron Dye,593,1988
7000000,Smart Egg Pictures,UK,Armand Mastroianni,Horror,136203,Cameron's Closet,1/13/1989,100,4.9,Cotter Smith,704,1988
16400000,Touchstone Pictures,USA,Peter Weir,Comedy,95860116,Dead Poets Society,6/9/1989,128,8.0,Robin Williams,301100,1989
11500000,Paramount Pictures,USA,Mary Lambert,Horror,57469179,Pet Sematary,4/21/1989,103,6.6,Dale Midkiff,70178,1989
17000000,Silver Pictures,USA,Rowdy Herrington,Action,30050028,Road House,5/19/1989,114,6.5,Patrick Swayze,47394,1989
27000000,Warner Bros.,USA,Jeremiah S. Chechik,Comedy,71320000,National Lampoon's Christmas Vacation,12/1/1989,97,7.6,Chevy Chase,115848,1989
10000000,De Laurentiis Entertainment Group (DEG),USA,Stephen Herek,Adventure,40485039,Bill & Ted's Excellent Adventure,2/17/1989,90,6.9,Keanu Reeves,90901,1989
15000000,Universal Pictures,USA,John Hughes,Comedy,66758538,Uncle Buck,8/16/1989,100,7.0,John Candy,68231,1989
6500000,40 Acres & A Mule Filmworks,USA,Spike Lee,Comedy,27545445,Do the Right Thing,7/21/1989,120,7.9,Danny Aiello,65617,1989
18000000,TriStar Pictures,USA,Edward Zwick,Biography,26830000,Glory,2/16/1990,122,7.9,Matthew Broderick,107207,1989
16000000,Castle Rock Entertainment,USA,Rob Reiner,Comedy,92823600,When Harry Met Sally...,7/21/1989,96,7.6,Billy Crystal,161347,1989
7500000,TriStar Pictures,USA,Amy Heckerling,Comedy,140088813,Look Who's Talking,10/13/1989,93,5.8,John Travolta,67535,1989
25000000,Filmauro,USA,George P. Cosmatos,Adventure,15704614,Leviathan,3/17/1989,98,5.8,Peter Weller,14315,1989
18000000,Buena Vista Pictures,USA,Joe Johnston,Adventure,130724172,"Honey, I Shrunk the Kids",6/23/1989,93,6.3,Rick Moranis,116845,1989
11000000,Mirage Enterprises,USA,David S. Ward,Comedy,49797148,Major League,4/7/1989,107,7.2,Tom Berenger,52280,1989
14000000,Ixtlan,USA,Oliver Stone,Biography,70001698,Born on the Fourth of July,1/5/1990,145,7.2,Tom Cruise,82727,1989
28000000,Warner Bros.,USA,Richard Donner,Action,147253986,Lethal Weapon 2,7/7/1989,114,7.2,Mel Gibson,137637,1989
1200000,Outlaw Productions (I),USA,Steven Soderbergh,Drama,24741700,"Sex, Lies, and Videotape",9/22/1989,100,7.2,James Spader,40625,1989
10000000,Norman Twain Productions,USA,John G. Avildsen,Drama,31906454,Lean on Me,3/3/1989,108,7.4,Morgan Freeman,15445,1989
27800000,Paramount Pictures,USA,William Shatner,Action,52210049,Star Trek V: The Final Frontier,6/9/1989,107,5.4,William Shatner,47303,1989
7500000,"Zanuck Company, The",USA,Bruce Beresford,Drama,106593296,Driving Miss Daisy,1/26/1990,99,7.4,Morgan Freeman,79478,1989
10000000,David Foster Productions,USA,Graeme Clifford,Action,2777280,Gleaming the Cube,1/13/1989,100,6.2,Christian Slater,5688,1989
22500000,Columbia Pictures Corporation,USA,Brian De Palma,Crime,18671317,Casualties of War,8/18/1989,113,7.1,Michael J. Fox,35439,1989
18000000,TriStar Pictures,USA,Arthur Hiller,Comedy,46908987,"See No Evil, Hear No Evil",5/12/1989,103,6.8,Richard Pryor,40102,1989
1500000,Kings Road Entertainment,USA,Mark DiSalle,Action,14697005,Kickboxer,9/8/1989,97,6.4,Jean-Claude Van Damme,40427,1989
6000000,New Line Cinema,USA,Stephen Hopkins,Fantasy,22168359,A Nightmare on Elm Street 5: The Dream Child,8/11/1989,89,5.1,Robert Englund,32517,1989
3000000,Magnum Pictures Inc.,USA,Dominique Othenin-Girard,Horror,11642254,Halloween 5,10/13/1989,96,5.2,Donald Pleasence,25314,1989
5000000,Paramount Pictures,USA,Rob Hedden,Adventure,14343976,Friday the 13th Part VIII: Jason Takes Manhattan,7/28/1989,100,4.6,Jensen Daggett,25441,1989
13800000,Goldcrest Films International,Ireland,Don Bluth,Animation,27100027,All Dogs Go to Heaven,11/17/1989,84,6.7,Dom DeLuise,29118,1989
500000,Cannon Entertainment,USA,Albert Pyun,Action,10166459,Cyborg,4/7/1989,86,5.0,Jean-Claude Van Damme,24943,1989
8000000,Universal Pictures,USA,Michael Ritchie,Comedy,35150960,Fletch Lives,3/17/1989,95,6.1,Chevy Chase,16426,1989
6000000,Finnegan/Pinchuk Productions,USA,Todd Holland,Adventure,14278900,The Wizard,12/15/1989,96,6.0,Fred Savage,11308,1989
9000000,Renaissance Films,UK,Kenneth Branagh,Action,10161099,Henry V,11/8/1989,137,7.7,Kenneth Branagh,24726,1989
18000000,Fries Entertainment,USA,Jeff Kanew,Adventure,8508843,Troop Beverly Hills,3/24/1989,105,5.5,Shelley Long,7942,1989
19000000,Universal Pictures,USA,Harold Becker,Crime,58571513,Sea of Love,9/15/1989,113,6.8,Al Pacino,32138,1989
5000000,"Movie Group, The",USA,Robert Radler,Action,1700000,Best of the Best,11/10/1989,97,6.4,Eric Roberts,10215,1989
2500000,Avenue Pictures,USA,Gus Van Sant,Crime,4729352,Drugstore Cowboy,10/20/1989,102,7.4,Matt Dillon,26923,1989
7000000,New World Pictures,USA,Steve Miner,Action,9094451,Warlock,1/11/1991,103,6.2,Julian Sands,12449,1989
24000000,White Eagle,USA,John Flynn,Crime,22099847,Lock Up,8/4/1989,109,6.4,Sylvester Stallone,32079,1989
3000000,High Bar Productions,USA,Jim Wheat,Horror,76325,After Midnight,11/3/1989,90,5.6,Jillian McWhirter,1173,1989
5000000,Cinecorp SAC,USA,Jay Levey,Comedy,6157157,UHF,7/21/1989,97,7.0,'Weird Al' Yankovic,22399,1989
13000000,Gladden Entertainment,USA,Steve Kloves,Drama,16823529,The Fabulous Baker Boys,10/13/1989,114,6.8,Jeff Bridges,18751,1989
5000000,Palace Pictures,UK,Zelda Barron,Comedy,6957975,Shag,7/21/1989,98,6.3,Phoebe Cates,3203,1989
19000000,Jack Rollins & Charles H. Joffe Productions,USA,Woody Allen,Comedy,18254702,Crimes and Misdemeanors,11/3/1989,104,8.0,Martin Landau,46269,1989
2800000,JVC Entertainment Networks,USA,Jim Jarmusch,Comedy,367879,Mystery Train,11/17/1989,110,7.6,Masatoshi Nagase,20241,1989
8000000,Carolco Entertainment,USA,Sean S. Cunningham,Action,8143225,DeepStar Six,1/13/1989,105,5.2,Greg Evigan,7701,1989
5000000,Alive Films,USA,Wes Craven,Comedy,16554699,Shocker,10/27/1989,109,5.4,Michael Murphy,12181,1989
15000000,Touchstone Pictures,USA,Francis Veber,Action,40590000,Three Fugitives,1/27/1989,96,6.1,Nick Nolte,9199,1989
10000000,TriStar Pictures,USA,Phillip Noyce,Action,2692037,Blind Fury,3/16/1990,86,6.3,Rutger Hauer,11576,1989
12000000,Lorimar Film Entertainment,USA,John Irvin,Action,15942628,Next of Kin,10/20/1989,108,5.7,Patrick Swayze,7644,1989
15000000,Touchstone Pictures,USA,Woody Allen,Comedy,10763469,New York Stories,3/10/1989,124,6.4,Woody Allen,14652,1989
10000000,Empire Pictures,USA,Stuart Gordon,Action,1272977,Robot Jox,11/21/1990,85,5.3,Gary Graham,4665,1989
15000000,Universal Pictures,USA,Howard Zieff,Comedy,28890240,The Dream Team,4/7/1989,113,6.5,Michael Keaton,10768,1989
4000000,Lightyear Entertainment,USA,Jim Wynorski,Sci-Fi,192816,The Return of Swamp Thing,5/12/1989,84,4.5,Dick Durock,3054,1989
20000000,Paramount Pictures,USA,Neil Jordan,Comedy,10555348,We're No Angels,12/15/1989,106,6.0,Robert De Niro,18558,1989
16000000,TriStar Pictures,USA,Emile Ardolino,Comedy,16278590,Chances Are,3/10/1989,108,6.4,Cybill Shepherd,9105,1989
20000000,Carolco Pictures,USA,Walter Hill,Crime,7237794,Johnny Handsome,9/29/1989,94,6.1,Mickey Rourke,7483,1989
17000000,Gordon Company,USA,Rod Daniel,Action,43247647,K-9,4/28/1989,101,6.0,Jim Belushi,27310,1989
19000000,Malpaso Productions,USA,Buddy Van Horn,Action,12143484,Pink Cadillac,5/26/1989,122,5.3,Clint Eastwood,9301,1989
8000000,New Line Cinema,USA,Thomas J. Wright,Action,16093651,No Holds Barred,6/2/1989,93,4.3,Hulk Hogan,4966,1989
3000000,Sean S. Cunningham Films,USA,James Isaac,Horror,1738897,The Horror Show,4/28/1989,95,4.9,Lance Henriksen,2627,1989
12000000,Warner Bros.,USA,Peter Bonerz,Comedy,11567217,Police Academy 6: City Under Siege,3/10/1989,84,4.2,Bubba Smith,23683,1989
19000000,Amblin Entertainment,USA,Gary David Goldberg,Drama,19738015,Dad,11/10/1989,117,6.2,Jack Lemmon,3891,1989
13000000,Paramount Pictures,USA,Joel Schumacher,Comedy,22030000,Cousins,2/10/1989,109,6.3,Ted Danson,3667,1989
5000000,Allied Vision,USA,Philippe Mora,Biography,1919653,Communion,11/10/1989,106,5.7,Christopher Walken,4489,1989
3000000,Great American Films Limited Partnership,Canada,Bob Balaban,Comedy,870532,Parents,1/27/1989,81,6.2,Randy Quaid,4968,1989
5000000,Aspen Film Society,USA,Christopher Guest,Comedy,117463,The Big Picture,12/15/1989,100,6.3,Kevin Bacon,4057,1989
18000000,Orion Pictures,USA,Andrew Davis,Action,10647219,The Package,8/25/1989,108,6.4,Gene Hackman,6979,1989
18000000,Paramount Pictures,USA,Joe Pytka,Comedy,4973285,Let It Ride,8/18/1989,90,6.9,Richard Dreyfuss,4382,1989
18000000,Warner Bros.,USA,Norman Jewison,Drama,3531971,In Country,9/29/1989,120,5.9,Emily Lloyd,2385,1989
3000000,American Playhouse,USA,Norman RenÐ¹,Drama,4609953,Longtime Companion,5/1/1990,96,7.5,Stephen Caffrey,4560,1989
4000000,Incorporated Television Company (ITC),USA,John Dahl,Action,283694,Kill Me Again,10/27/1989,94,6.3,Val Kilmer,3576,1989
2300000,Lorimar Film Entertainment,USA,Michael Herz,Action,792966,The Toxic Avenger Part II,2/24/1989,102,5.1,Ron Fazio,5067,1989
2500000,Larco Productions,USA,Larry Cohen,Comedy,43749,Wicked Stepmother,2/3/1989,90,4.1,Bette Davis,1370,1989
1500000,Incorporated Television Company (ITC),UK,Jeff Burr,Horror,1519796,Stepfather II,11/3/1989,93,5.6,Terry O'Quinn,2468,1989
75000,Action Features,USA,Hal Hartley,Comedy,546541,The Unbelievable Truth,11/8/1990,90,7.5,Adrienne Shelly,3877,1989
11500000,TriStar Pictures,USA,Richard Baskin,Drama,2260616,Sing,3/31/1989,98,6.8,Lorraine Bracco,597,1989
20000000,Cine Location Services,USA,John Milius,Action,2420917,Farewell to the King,3/3/1989,117,6.3,Nick Nolte,2282,1989
16000000,AM/PM Entertainment,USA,Robert Ellis Miller,Adventure,67878,Brenda Starr,4/15/1992,93,4.6,Brooke Shields,856,1989
14000000,Columbia Pictures Corporation,USA,Jonathan Kaplan,Drama,5932613,Immediate Family,10/27/1989,95,6.1,Glenn Close,1235,1989
17000000,Columbia Pictures Corporation,USA,Michael Crichton,Crime,3560932,Physical Evidence,1/27/1989,99,5.1,Burt Reynolds,1238,1989
4000000,American Playhouse Theatrical Films,USA,Howard Brookner,Comedy,43671,Bloodhounds of Broadway,11/3/1989,93,5.7,Josef Sommer,1021,1989
5000000,Silver Screen Partners III,USA,Jeff Blyth,Adventure,8153677,Cheetah,8/18/1989,83,6.1,Keith Coogan,703,1989
6000000,"Samuel Goldwyn Company, The",USA,Bill Forsyth,Adventure,1877618,Breaking In,10/13/1989,94,6.1,Burt Reynolds,1209,1989
26000000,Columbia Pictures Corporation,USA,Joel Schumacher,Drama,61490000,Flatliners,8/10/1990,115,6.6,Kiefer Sutherland,67242,1990
25000000,Warner Bros.,USA,Martin Scorsese,Crime,46836394,Goodfellas,9/21/1990,146,8.7,Robert De Niro,802599,1990
20000000,Castle Rock Entertainment,USA,Rob Reiner,Crime,61276872,Misery,11/30/1990,107,7.8,James Caan,147278,1990
14000000,Touchstone Pictures,USA,Garry Marshall,Comedy,178406268,Pretty Woman,3/23/1990,119,7.0,Richard Gere,233319,1990
18000000,Hughes Entertainment,USA,Chris Columbus,Comedy,285761243,Home Alone,11/16/1990,103,7.5,Macaulay Culkin,350395,1990
20000000,Twentieth Century Fox Film Corporation,USA,Tim Burton,Drama,56362352,Edward Scissorhands,12/14/1990,105,7.9,Johnny Depp,384404,1990
22000000,Tig Productions,USA,Kevin Costner,Adventure,184208848,Dances with Wolves,11/21/1990,181,8.0,Kevin Costner,201166,1990
13000000,Universal Pictures,USA,John Lafia,Horror,28501605,Child's Play 2,11/9/1990,84,5.8,Alex Vincent,34608,1990
22000000,Paramount Pictures,USA,Jerry Zucker,Drama,217631306,Ghost,7/13/1990,127,7.0,Patrick Swayze,164846,1990
11000000,Universal Pictures,USA,Ron Underwood,Comedy,16667084,Tremors,1/19/1990,96,7.1,Kevin Bacon,98220,1990
25000000,Warner Bros.,USA,John Patrick Shanley,Comedy,39404261,Joe Versus the Volcano,3/9/1990,102,5.7,Tom Hanks,29752,1990
9500000,PolyGram Filmed Entertainment,USA,David Lynch,Comedy,14560247,Wild at Heart,8/17/1990,125,7.2,Nicolas Cage,67407,1990
25000000,Carolco Pictures,USA,Adrian Lyne,Drama,26118851,Jacob's Ladder,11/2/1990,113,7.5,Tim Robbins,81979,1990
13500000,888 Productions,USA,Steve Barron,Action,135265915,Teenage Mutant Ninja Turtles,3/30/1990,93,6.7,Judith Hoag,73504,1990
10000000,Universal Pictures,USA,Dennis Dugan,Comedy,53470900,Problem Child,7/27/1990,81,5.3,Michael Oliver,24008,1990
11000000,Universal Pictures,USA,John Waters,Comedy,8266343,Cry-Baby,4/6/1990,85,6.5,Johnny Depp,47001,1990
26000000,Imagine Entertainment,USA,Ivan Reitman,Comedy,91457688,Kindergarten Cop,12/21/1990,111,6.1,Arnold Schwarzenegger,115309,1990
14000000,Circle Films,USA,Joel Coen,Crime,5080409,Miller's Crossing,10/5/1990,115,7.8,Gabriel Byrne,110371,1990
16000000,Renaissance Pictures,USA,Sam Raimi,Action,33878502,Darkman,8/24/1990,96,6.4,Liam Neeson,50571,1990
22000000,Warner Bros.,USA,Alan J. Pakula,Mystery,86303188,Presumed Innocent,7/27/1990,127,6.9,Harrison Ford,31512,1990
11000000,Morgan Creek Productions,USA,Clive Barker,Action,8862354,Nightbreed,2/16/1990,102,6.5,Craig Sheffer,15692,1990
4200000,21st Century Film Corporation,USA,Tom Savini,Horror,5835247,Night of the Living Dead,10/19/1990,92,6.9,Tony Todd,33142,1990
3500000,Paramount Pictures,USA,John Harrison,Comedy,16324573,Tales from the Darkside: The Movie,5/4/1990,93,6.2,Debbie Harry,12090,1990
3000000,Imperial Entertainment Corporation,USA,Sheldon Lettich,Action,24078196,Lionheart,1/11/1991,108,6.1,Jean-Claude Van Damme,27025,1990
10000000,Warner Bros.,USA,Bruce Malmuth,Action,47410000,Hard to Kill,2/9/1990,96,5.7,Steven Seagal,23411,1990
10500000,Paramount Pictures,USA,Ralph S. Singleton,Horror,11582891,Graveyard Shift,10/26/1990,89,4.8,David Andrews,7613,1990
20000000,Morgan Creek Productions,USA,Geoff Murphy,Action,44143410,Young Guns II,8/1/1990,104,6.5,Emilio Estevez,25680,1990
2500000,"Hudlin Brothers, The",USA,Reginald Hudlin,Comedy,26386000,House Party,3/9/1990,100,6.3,Christopher Reid,9303,1990
5200000,Lightning Pictures,USA,Mark L. Lester,Action,2459895,Class of 1999,5/11/1990,99,5.8,Bradley Gregg,5119,1990
12000000,Victor & Grais,USA,Dwight H. Little,Action,46044400,Marked for Death,10/5/1990,93,5.9,Steven Seagal,16347,1990
10000000,Warner Bros.,USA,Clint Eastwood,Action,21633874,The Rookie,12/7/1990,120,5.8,Clint Eastwood,21622,1990
20000000,PathÐ¹ Entertainment,Australia,Simon Wincer,Action,21413105,Quigley Down Under,10/19/1990,119,6.8,Tom Selleck,16185,1990
18000000,Morgan Creek Productions,USA,John Schlesinger,Thriller,29381956,Pacific Heights,9/28/1990,102,6.4,Melanie Griffith,15129,1990
25000000,Ironbark Films,USA,John Cornell,Comedy,6939946,Almost an Angel,12/19/1990,95,5.4,Paul Hogan,3294,1990
12000000,Warner Bros.,Japan,Akira Kurosawa,Drama,1963207,Dreams,8/24/1990,119,7.8,Akira Terao,19625,1990
1500000,Palace Pictures,UK,Richard Stanley,Sci-Fi,5728953,Hardware,9/14/1990,94,5.9,Dylan McDermott,10546,1990
23000000,Enigma Productions,UK,Michael Caton-Jones,Action,27441977,Memphis Belle,10/12/1990,107,6.9,Matthew Modine,23909,1990
7000000,Vision PDG,USA,Craig R. Baxley,Action,4348368,Dark Angel,9/28/1990,91,6.0,Dolph Lundgren,8214,1990
20000000,Universal Pictures,USA,John Badham,Action,70980000,Bird on a Wire,5/18/1990,110,5.9,Mel Gibson,33453,1990
18000000,Dino De Laurentiis Company,USA,Michael Cimino,Action,2742912,Desperate Hours,10/5/1990,105,5.4,Mickey Rourke,5702,1990
22000000,Columbia Pictures Corporation,USA,Mike Nichols,Comedy,37963281,Postcards from the Edge,9/14/1990,101,6.7,Meryl Streep,12832,1990
15000000,Devoted Productions,USA,Howard Franklin,Comedy,15260154,Quick Change,7/13/1990,89,6.8,Bill Murray,16870,1990
19000000,88 Productions,USA,Jack Nicholson,Crime,10005969,The Two Jakes,8/10/1990,137,6.1,Jack Nicholson,9111,1990
4000000,Cannon Films,Canada,Deran Sarafian,Action,16853487,Death Warrant,9/14/1990,89,5.6,Jean-Claude Van Damme,13783,1990
2500000,Levins-Henenlotter,USA,Frank Henenlotter,Comedy,205068,Frankenhooker,6/1/1990,85,6.1,James Lorinz,6877,1990
20000000,Laurence Mark Productions,USA,James Orr,Comedy,15379253,Mr. Destiny,10/12/1990,110,6.3,Jim Belushi,10006,1990
10000000,Universal Pictures,USA,Spike Lee,Drama,16153600,Mo' Better Blues,8/3/1990,129,6.6,Denzel Washington,8969,1990
23000000,Metro-Goldwyn-Mayer (MGM),USA,Martin Ritt,Drama,5820015,Stanley & Iris,2/9/1990,104,6.3,Jane Fonda,5877,1990
22000000,Nova International Films,USA,David Green,Action,14760451,Fire Birds,5/25/1990,85,4.7,Nicolas Cage,5036,1990
7000000,Epic Productions,USA,Curtis Hanson,Drama,12626043,Bad Influence,3/9/1990,99,6.2,Rob Lowe,6062,1990
25000000,Recorded Picture Company (RPC),UK,Bernardo Bertolucci,Adventure,2075084,The Sheltering Sky,12/12/1990,138,6.8,Debra Winger,9389,1990
9000000,ADC Films,Italy,Dario Argento,Horror,349618,Two Evil Eyes,10/25/1991,120,6.1,Adrienne Barbeau,4726,1990
12000000,Orion Pictures,USA,Woody Allen,Comedy,7331647,Alice,1/10/1991,106,6.6,Mia Farrow,11331,1990
24000000,Malpaso Productions,USA,Clint Eastwood,Adventure,2319124,White Hunter Black Heart,9/14/1990,112,6.7,Clint Eastwood,9279,1990
225000,Westerly Films,USA,Whit Stillman,Comedy,2938208,Metropolitan,8/3/1990,98,7.5,Carolyn Farina,7776,1990
700000,Channel Four Films,UK,Hal Hartley,Comedy,356122,Trust,9/20/1991,107,7.5,Adrienne Shelly,7712,1990
2000000,Concorde Pictures,USA,Adam Simon,Horror,1627955,Brain Dead,1/19/1990,85,6.1,Bill Pullman,2792,1990
10000000,Interscope Communications,USA,Robert Resnikoff,Crime,22424195,The First Power,4/6/1990,98,5.7,Lou Diamond Phillips,2847,1990
3000000,Silver Screen Partners IV,USA,Patrick Read Johnson,Adventure,15369573,Spaced Invaders,4/27/1990,100,5.3,Douglas Barr,2760,1990
350000,Concorde Pictures,USA,Sally Mattison,Comedy,1242995,Slumber Party Massacre III,9/7/1990,87,4.4,Keely Christian,1781,1990
15000000,TriStar Pictures,USA,Bob Clark,Action,5585154,Loose Cannons,2/9/1990,94,4.8,Gene Hackman,3785,1990
6500000,Vision PDG,USA,Tibor TakÐ±cs,Fantasy,2032973,Gate 2: The Trespassers,2/28/1992,90,4.7,Louis Tripp,1308,1990
11500000,The Mount Company,USA,Roger Corman,Drama,334748,Roger Corman's Frankenstein Unbound,11/2/1990,85,5.5,John Hurt,3088,1990
5000000,Cinemarque Entertainment,USA,Michael Lehmann,Comedy,485772,Meet the Applegates,2/1/1991,90,5.4,Ed Begley Jr.,1819,1990
242000,Park-Schilling Productions Inc.,USA,Michael Rissi,Fantasy,233150,Soultaker,10/26/1990,94,2.3,Joe Estevez,3359,1990
10000000,Twentieth Century Fox Film Corporation,USA,Richard Benjamin,Action,2346150,Downtown,1/12/1990,96,5.7,Anthony Edwards,1508,1990
19000000,Strong Heart/Demme Production,USA,Jonathan Demme,Crime,130742922,The Silence of the Lambs,2/14/1991,118,8.6,Jodie Foster,990212,1991
25000000,Walt Disney Pictures,USA,Gary Trousdale,Animation,218967620,Beauty and the Beast,11/22/1991,84,8.0,Paige O'Hara,344844,1991
6500000,Columbia Pictures Corporation,USA,John Singleton,Crime,57504069,Boyz n the Hood,7/12/1991,112,7.8,Cuba Gooding Jr.,102317,1991
11000000,Universal Pictures,USA,Jon Avnet,Drama,82418501,Fried Green Tomatoes,1/24/1992,130,7.7,Kathy Bates,55887,1991
24000000,Largo Entertainment,Japan,Kathryn Bigelow,Action,43218387,Punto de quiebra,7/12/1991,122,7.2,Patrick Swayze,124027,1991
16500000,PathÐ¹ Entertainment,USA,Ridley Scott,Adventure,45361000,Thelma & Louise,5/24/1991,130,7.4,Susan Sarandon,109801,1991
17000000,Columbia Pictures Corporation,USA,Howard Zieff,Comedy,59847242,My Girl,11/27/1991,102,6.8,Anna Chlumsky,60391,1991
13000000,Universal Pictures,UK,Jack Bender,Action,14960255,Child's Play 3,8/30/1991,90,5.0,Justin Whalin,27550,1991
11000000,Columbia Pictures Corporation,USA,William A. Graham,Adventure,2807854,Return to the Blue Lagoon,8/2/1991,102,5.1,Brian Krause,15262,1991
9000000,Circle Films,USA,Joel Coen,Comedy,6153939,Barton Fink,8/21/1991,116,7.7,John Turturro,96089,1991
16000000,Recorded Picture Company (RPC),Canada,David Cronenberg,Drama,2541541,Naked Lunch,4/24/1992,115,7.1,Peter Weller,39143,1991
26000000,Twentieth Century Fox Film Corporation,USA,Jim Abrahams,Action,69467617,Hot Shots!,7/31/1991,84,6.7,Charlie Sheen,85058,1991
15000000,Universal Pictures,USA,Brian Levant,Comedy,25104700,Problem Child 2,7/3/1991,93,4.6,John Ritter,17894,1991
2500000,New Line Cinema,USA,Gus Van Sant,Drama,6401336,My Own Private Idaho,7/20/1991,104,7.1,River Phoenix,40101,1991
27000000,Castle Rock Entertainment,USA,Ron Underwood,Comedy,124033791,City Slickers,6/7/1991,113,6.7,Billy Crystal,41443,1991
24000000,TriStar Pictures,USA,Terry Gilliam,Comedy,41895491,The Fisher King,9/27/1991,137,7.6,Jeff Bridges,67814,1991
29000000,Geffen Pictures,USA,Tony Scott,Action,59509925,The Last Boy Scout,12/13/1991,105,6.9,Bruce Willis,80307,1991
19000000,Twentieth Century Fox Film Corporation,USA,Joseph Ruben,Drama,101599005,Sleeping with the Enemy,2/8/1991,99,6.2,Julia Roberts,40443,1991
6000000,Universal Pictures,USA,Wes Craven,Comedy,24204154,The People Under the Stairs,11/1/1991,102,6.3,Brandon Quintin Adams,25742,1991
10000000,TriStar Pictures,USA,Daniel Petrie Jr.,Action,15073942,Toy Soldiers,4/26/1991,111,6.5,Sean Astin,17063,1991
8500000,Warner Bros.,USA,Mario Van Peebles,Action,47624253,New Jack City,3/8/1991,97,6.6,Wesley Snipes,25867,1991
25000000,Golden Harvest Company,USA,Michael Pressman,Action,78656813,Teenage Mutant Ninja Turtles II: The Secret of the Ooze,3/22/1991,88,6.0,Paige Turco,44901,1991
11000000,New Line Cinema,USA,Rachel Talalay,Comedy,34872033,Freddy's Dead: The Final Nightmare,9/13/1991,89,4.9,Robert Englund,33582,1991
20000000,Interscope Communications,USA,Peter Hewitt,Adventure,38037513,Bill & Ted's Bogus Journey,7/19/1991,93,6.2,Keanu Reeves,52853,1991
6788000,PolyGram Filmed Entertainment,USA,Ate de Jong,Comedy,43878334,Drop Dead Fred,5/24/1991,103,5.8,Phoebe Cates,23181,1991
15000000,Stone Group Pictures,USA,Sheldon Lettich,Action,30102717,Double Impact,8/9/1991,110,5.5,Jean-Claude Van Damme,31574,1991
3500000,Victor Company of Japan (JVC),France,Jim Jarmusch,Comedy,2015810,Night on Earth,12/12/1991,129,7.8,Winona Ryder,44688,1991
13500000,Paramount Pictures,USA,Stan Dragoti,Comedy,26255594,Necessary Roughness,9/27/1991,108,6.1,Scott Bakula,8750,1991
29000000,Paramount Pictures,USA,Garry Marshall,Comedy,22773535,Frankie and Johnny,10/11/1991,118,6.7,Al Pacino,24326,1991
23000000,Paramount Pictures,USA,David Zucker,Comedy,86930411,The Naked Gun 2Ð: The Smell of Fear,6/28/1991,85,6.8,Leslie Nielsen,89142,1991
14000000,Arnold Kopelson Productions,USA,John Flynn,Action,39673161,Out for Justice,4/12/1991,91,6.0,Steven Seagal,18164,1991
14000000,Universal Pictures,USA,Spike Lee,Drama,32482682,Jungle Fever,6/7/1991,132,6.5,Wesley Snipes,14307,1991
6000000,Alive Films,USA,David Kellogg,Comedy,1193062,Cool as Ice,10/18/1991,91,2.8,Vanilla Ice,7942,1991
8000000,Little Tokyo Productions,USA,Mark L. Lester,Action,2275557,Showdown in Little Tokyo,8/23/1991,79,6.1,Dolph Lundgren,13465,1991
17000000,Metro-Goldwyn-Mayer (MGM),USA,Lili Fini Zanuck,Action,7241350,Rush,1/17/1992,120,6.7,Jason Patric,6699,1991
15000000,Paramount Pictures,USA,Kenneth Branagh,Crime,38016380,Dead Again,8/30/1991,107,7.0,Kenneth Branagh,22783,1991
23000,Detour Filmproduction,USA,Richard Linklater,Comedy,1228108,Slacker,7/5/1991,97,7.1,Richard Linklater,16396,1991
25000000,Hughes Entertainment,USA,John Hughes,Comedy,33691313,Curly Sue,10/25/1991,101,5.7,Jim Belushi,17739,1991
18000000,Goldcrest Films International,Ireland,Don Bluth,Animation,11657385,Amigos inseparables,4/3/1992,100,6.0,Glen Campbell,6716,1991
23000000,Krisjair,USA,Simon Wincer,Action,7434726,Harley Davidson and the Marlboro Man,8/23/1991,98,6.0,Mickey Rourke,15567,1991
14000000,Walt Disney Pictures,USA,Randal Kleiser,Adventure,34793160,White Fang,1/18/1991,107,6.7,Ethan Hawke,16702,1991
23000000,Universal Pictures,USA,Michael Karbelnikoff,Crime,20246790,Mobsters,7/26/1991,104,5.9,Christian Slater,7229,1991
17000000,Stone Group Pictures,USA,Craig R. Baxley,Action,9286314,Stone Cold,5/17/1991,88,5.9,Brian Bosworth,5551,1991
17000000,TriStar Pictures,USA,Maurice Phillips,Comedy,2865916,Another You,7/26/1991,100,5.3,Richard Pryor,2959,1991
10000000,Orion Pictures,USA,Jodie Foster,Drama,25010896,Little Man Tate,11/1/1991,99,6.7,Jodie Foster,12172,1991
23000000,Argos Films,Germany,Wim Wenders,Action,752856,Until the End of the World,12/25/1991,280,6.8,William Hurt,7344,1991
1400000,IRS Media,USA,Bobcat Goldthwait,Comedy,115103,Shakes the Clown,3/13/1992,87,5.6,Bobcat Goldthwait,3958,1991
8000000,Columbia Pictures Corporation,USA,Alan Rudolph,Mystery,19018321,Mortal Thoughts,4/19/1991,102,5.7,Demi Moore,7239,1991
10000000,Vista Street Entertainment,USA,Eric Red,Horror,9188150,Body Parts,8/2/1991,88,5.5,Jeff Fahey,3290,1991
22000000,Capella International,USA,Wolfgang Petersen,Crime,11511031,Shattered,10/11/1991,98,6.5,Tom Berenger,6807,1991
13000000,Brooksfilms,USA,Mel Brooks,Comedy,4102526,Life Stinks,7/26/1991,92,5.8,Mel Brooks,7979,1991
18000000,Metro-Goldwyn-Mayer (MGM),USA,Tom Mankiewicz,Comedy,5546827,Delirious,8/9/1991,96,5.7,John Candy,6370,1991
7000000,Columbia Pictures Corporation,USA,Sean Penn,Drama,191125,The Indian Runner,9/20/1991,127,7.1,David Morse,7239,1991
11000000,Baltimore Pictures,France,Steven Soderbergh,Drama,1059071,Kafka,11/15/1991,98,6.9,Jeremy Irons,8341,1991
17000000,Twentieth Century Fox Film Corporation,USA,Peter Faiman,Comedy,4603929,Dutch,7/19/1991,107,6.4,Ed O'Neill,10048,1991
3000000,Cinetel Films,USA,Marc Rocco,Crime,390152,Where the Day Takes You,9/11/1992,105,6.8,Dermot Mulroney,2522,1991
8000000,Palace Pictures,UK,Bill Duke,Comedy,10438504,A Rage in Harlem,5/3/1991,100,5.9,Forest Whitaker,1581,1991
7500000,Carolco Pictures,USA,Martha Coolidge,Drama,6266621,Rambling Rose,9/20/1991,112,6.7,Laura Dern,4115,1991
13000000,Gladden Entertainment,USA,Stewart Raffill,Comedy,3752426,Mannequin: On the Move,5/17/1991,95,4.1,Kristy Swanson,4885,1991
10000000,Paramount Pictures,USA,Mark DiSalle,Action,14061361,The Perfect Weapon,3/15/1991,90,6.0,Jeff Speakman,2867,1991
18000000,PathÐ¹ Entertainment,USA,Nicholas Meyer,Action,1501785,Company Business,9/6/1991,98,5.7,Gene Hackman,1996,1991
14000000,Orion Pictures,USA,Woody Allen,Comedy,2735731,Shadows and Fog,3/20/1992,85,6.8,Woody Allen,14024,1991
2000000,Empire Pictures (II),USA,Stuart Gordon,Horror,3331,The Pit and the Pendulum,6/27/1991,97,6.1,Lance Henriksen,3241,1991
5000000,"Hudlin Brothers, The",USA,George Jackson,Comedy,19281235,House Party 2,10/23/1991,100,5.1,Christopher Reid,3925,1991
26000000,Hollywood Pictures,USA,Jerry Rees,Comedy,12454768,The Marrying Man,4/5/1991,115,5.7,Kim Basinger,4445,1991
17010000,Sean Daniel Company,USA,Nadia Tass,Comedy,22641969,Pure Luck,8/9/1991,96,5.7,Martin Short,5618,1991
22000000,Largo Entertainment,USA,Rod Daniel,Comedy,11000863,The Super,10/4/1991,84,5.5,Joe Pesci,4400,1991
16400000,Orion Pictures,USA,Richard Franklin,Action,21082165,F/X2,5/10/1991,108,5.8,Bryan Brown,7248,1991
28000000,Films A2,France,Leos Carax,Drama,117569,The Lovers on the Bridge,7/2/1999,125,7.6,Juliette Binoche,9590,1991
250000,Bronze Eye Productions,USA,Todd Haynes,Drama,609524,Poison,8/16/1991,85,6.5,Edith Meeks,2724,1991
16000000,Hollywood Pictures,USA,Geoff Burrowes,Action,4409328,Run,2/1/1991,91,6.1,Patrick Dempsey,2157,1991
4000000,Hollywood Pictures,USA,Heywood Gould,Action,11276846,One Good Cop,5/3/1991,114,5.8,Michael Keaton,3226,1991
16000000,Cinecom Entertainment Group,USA,Lasse HallstrÑm,Comedy,14851083,Once Around,2/1/1991,115,6.5,Richard Dreyfuss,3594,1991
6000000,Les Films 21,USA,Sylvio Tabet,Action,869325,Beastmaster 2: Through the Portal of Time,8/30/1991,107,3.8,Marc Singer,2462,1991
10000000,Orion Pictures,USA,Jonathan Wacks,Comedy,6166819,Mystery Date,8/16/1991,97,6.0,Ethan Hawke,2180,1991
4000000,Imagine Entertainment,USA,Radha Bharadwaj,Drama,259012,Closet Land,3/6/1991,100,7.2,Madeleine Stowe,2293,1991
10000000,TriStar Pictures,USA,Matthew Robbins,Adventure,8667684,Bingo,8/9/1991,100,4.7,Cindy Williams,2380,1991
19000000,Nelson Entertainment,USA,Sidney J. Furie,Action,939277,The Taking of Beverly Hills,10/11/1991,96,4.9,Ken Wahl,869,1991
1900000,Juno Pix,USA,Joseph B. Vasquez,Comedy,532933,Hangin' with the Homeboys,4/5/1991,100,7.0,Doug E. Doug,1147,1991
450000,American Playhouse,USA,Matty Rich,Crime,2712293,Straight Out of Brooklyn,1991-06,100,5.9,George T. Odom,499,1991
3000000,Touchstone Pictures,USA,Paul Mazursky,Comedy,9563393,Scenes from a Mall,2/22/1991,89,5.3,Bette Midler,4158,1991
3000000,Esperanza Films Inc.,USA,John Sayles,Crime,1264910,City of Hope,11/15/1991,129,7.4,Vincent Spano,1889,1991
13000000,Nelson Entertainment,USA,Duncan Gibbins,Action,5451119,Eve of Destruction,1/18/1991,99,4.8,Gregory Hines,1664,1991
6000000,Raffaella Productions,USA,Avi Nesher,Action,64562,Timebomb,5/25/1991,96,5.5,Michael Biehn,1236,1991
14000000,Not specified,USA,Arthur Hiller,Comedy,1989059,Married to It,3/26/1993,112,5.9,Beau Bridges,757,1991
15000000,Sandollar Productions,USA,Charles Lane,Comedy,4693236,True Identity,8/23/1991,93,5.1,Lenny Henry,1019,1991
1200000,Live Entertainment,USA,Quentin Tarantino,Crime,2832029,Reservoir Dogs,9/2/1992,99,8.3,Harvey Keitel,735396,1992
28000000,Walt Disney Pictures,USA,Ron Clements,Animation,217350219,Aladdin,11/25/1992,90,8.0,Scott Weinger,287068,1992
14400000,Warner Bros.,USA,Clint Eastwood,Drama,101157447,Unforgiven,8/7/1992,131,8.2,Clint Eastwood,304536,1992
11000000,Palo Vista Productions,USA,Jonathan Lynn,Comedy,52929168,My Cousin Vinny,3/13/1992,120,7.5,Joe Pesci,88685,1992
10000000,New Line Cinema,USA,David Lynch,Drama,4160851,Twin Peaks: Fire Walk with Me,8/28/1992,135,7.2,Sheryl Lee,67092,1992
15000000,Touchwood Pacific Partners 1,USA,Kenny Ortega,Drama,2819485,Newsies,4/10/1992,121,7.0,Christian Bale,16383,1992
25000000,Kasdan Pictures,USA,Mick Jackson,Action,121945720,The Bodyguard,11/25/1992,129,6.2,Kevin Costner,97795,1992
20000000,Paramount Pictures,USA,Penelope Spheeris,Comedy,121697350,Wayne's World,2/14/1992,94,7.0,Mike Myers,122552,1992
10000000,Avnet/Kerner Productions,USA,Stephen Herek,Comedy,50752337,The Mighty Ducks,10/2/1992,100,6.4,Emilio Estevez,48129,1992
11000000,Dino De Laurentiis Company,USA,Sam Raimi,Comedy,11502976,Army of Darkness,2/19/1993,81,7.6,Bruce Campbell,139216,1992
18000000,Twentieth Century Fox Film Corporation,USA,Chris Columbus,Adventure,173585516,Home Alone 2: Lost in New York,11/20/1992,120,6.6,Macaulay Culkin,226766,1992
12500000,GGR,USA,James Foley,Crime,10725228,Glengarry Glen Ross,10/2/1992,100,7.8,Al Pacino,82352,1992
3000000,WingNut Films,New Zealand,Peter Jackson,Comedy,242623,Dead Alive,2/12/1993,104,7.6,Timothy Balme,81752,1992
6000000,PolyGram Filmed Entertainment,USA,Bernard Rose,Horror,25792310,Candyman,10/16/1992,99,6.6,Virginia Madsen,54076,1992
24000000,Touchstone Pictures,USA,Thom Eberhardt,Adventure,22518097,Captain Ron,9/18/1992,90,5.7,Kurt Russell,17877,1992
15000000,Columbia Pictures Corporation,USA,Mick Garris,Horror,30524763,Sleepwalkers,4/10/1992,91,5.2,Brian Krause,16241,1992
24000000,FAI Films,Australia,Bill Kroyer,Animation,24650296,FernGully: Las aventuras de Zak y Crysta,4/10/1992,76,6.5,Samantha Mathis,22480,1992
5000000,Fifth Avenue Entertainment,USA,Anthony Hickox,Horror,12534961,Hellraiser III: Hell on Earth,9/11/1992,91,5.5,Terry Farrell,22036,1992
7000000,Twentieth Century Fox Film Corporation,USA,Fran Rubel Kuzui,Action,16624456,Buffy the Vampire Slayer,7/31/1992,86,5.6,Kristy Swanson,34181,1992
8000000,Paramount Pictures,USA,Mary Lambert,Fantasy,17092453,Pet Sematary II,8/28/1992,100,4.8,Edward Furlong,14545,1992
23000000,StudioCanal,USA,Roland Emmerich,Action,36299898,Universal Soldier,7/10/1992,102,6.0,Jean-Claude Van Damme,72711,1992
7000000,Encino Man Productions,USA,Les Mayfield,Comedy,40693477,Encino Man,5/22/1992,88,5.7,Sean Astin,31980,1992
5000000,Island World,USA,Ernest R. Dickerson,Action,20146880,Juice,1/17/1992,95,7.1,Omar Epps,18787,1992
5000000,Canal+,France,Roman Polanski,Drama,1862805,Luna amarga,3/18/1994,139,7.2,Hugh Grant,28002,1992
10000000,Allied Vision,UK,Brett Leonard,Horror,32101000,The Lawnmower Man,3/6/1992,108,5.4,Jeff Fahey,29522,1992
3000000,New Line Cinema,USA,Katt Shea,Drama,1829804,Poison Ivy,5/8/1992,88,5.4,Drew Barrymore,14751,1992
11700000,Hollywood Pictures,USA,Curtis Hanson,Drama,88036683,The Hand That Rocks the Cradle,1/10/1992,110,6.6,Annabella Sciorra,31853,1992
16000000,Columbia Pictures Corporation,USA,Barbet Schroeder,Drama,47922919,Single White Female,8/14/1992,107,6.3,Bridget Fonda,25871,1992
1000000,Bad Lt. Productions,USA,Abel Ferrara,Crime,2000022,Bad Lieutenant,12/17/1992,96,7.1,Harvey Keitel,31763,1992
6500000,Touchstone Pictures,USA,Jon Turteltaub,Action,29000301,3 Ninjas,8/7/1992,84,5.2,Victor Wong,17402,1992
8000000,Avenue Pictures,USA,Robert Altman,Comedy,21706100,The Player,5/8/1992,124,7.6,Tim Robbins,45208,1992
15000000,Warner Bros.,USA,Kevin Hooks,Action,44065653,Passenger 57,11/6/1992,84,5.8,Wesley Snipes,39076,1992
2000000,Arau Films Internacional,Mexico,Alfonso Arau,Drama,21665500,Como agua para chocolate,5/28/1993,105,7.2,Marco Leonardi,14517,1992
7000,Columbia Pictures Corporation,USA,Robert Rodriguez,Action,2040920,El Mariachi,2/26/1993,81,6.9,Carlos Gallardo,55226,1992
16000000,Olmos Productions,USA,Edward James Olmos,Biography,13086430,American Me,3/13/1992,125,7.2,Edward James Olmos,6417,1992
4000000,Adventure Pictures,UK,Sally Potter,Biography,5289772,Orlando,6/9/1993,94,7.2,Tilda Swinton,10849,1992
8000000,Davis Entertainment,Australia,Stuart Gordon,Action,6739141,Fortress,9/3/1993,95,5.9,Christopher Lambert,24573,1992
14000000,Cinema Plus,USA,Greg Beeman,Adventure,2034470,Mom and Dad Save the World,7/24/1992,88,5.3,Teri Garr,3656,1992
12000000,Pacific Western,USA,Brian De Palma,Crime,21370057,Raising Cain,8/7/1992,91,6.0,John Lithgow,10992,1992
3500000,Turner Pictures (I),USA,Phil Roman,Animation,3560469,The Tom and Jerry Movie,7/30/1993,84,5.3,Richard Kind,7519,1992
7000000,Challenge Film Corporation,UK,Tony Maylam,Action,5430822,Split Second,5/1/1992,90,6.2,Rutger Hauer,9103,1992
18000000,Hollywood Pictures,USA,Alan J. Pakula,Crime,21591728,Consenting Adults,10/16/1992,99,5.7,Kevin Kline,5783,1992
10000000,Twentieth Century Fox Film Corporation,USA,Dwight H. Little,Action,14356479,Rapid Fire,8/21/1992,95,6.3,Brandon Lee,6784,1992
12000000,Touchstone Pictures,USA,Peter Bogdanovich,Comedy,2280148,Noises Off...,3/20/1992,101,7.5,Michael Caine,8745,1992
27000000,Allied Filmmakers,France,Roland JoffÐ¹,Drama,14683921,City of Joy,4/17/1992,132,6.4,Patrick Swayze,4193,1992
900000,Golden Harvest Company,Hong Kong,Stanley Tong,Action,16270600,Supercop,7/26/1996,95,6.9,Jackie Chan,16056,1992
15000000,TriStar Pictures,USA,Michael Apted,Crime,22660758,Thunderheart,4/3/1992,119,6.8,Val Kilmer,12056,1992
25000000,Castle Rock Entertainment,USA,Andrew Bergman,Comedy,35208854,Honeymoon in Vegas,8/28/1992,96,5.8,James Caan,15079,1992
12000000,Walt Disney Pictures,USA,Brian Henson,Comedy,27281507,The Muppet Christmas Carol,12/11/1992,85,7.7,Michael Caine,37054,1992
900000,Corn Cobb Productions,USA,David Price,Horror,6980986,Children of the Corn II: The Final Sacrifice,1/29/1993,92,4.2,Terence Knox,6311,1992
5000000,British Broadcasting Corporation (BBC),UK,Kenneth Branagh,Comedy,4058564,Peter's Friends,12/25/1992,101,7.0,Hugh Laurie,9009,1992
14000000,Universal Pictures,USA,Walter Hill,Action,13747138,Trespass,12/25/1992,101,6.2,Bill Paxton,8433,1992
20000000,TriStar Pictures,USA,Woody Allen,Comedy,10555619,Husbands and Wives,9/18/1992,103,7.6,Woody Allen,23108,1992
20000000,Paramount Pictures,USA,Bruce Robinson,Crime,11390479,Jennifer 8,11/6/1992,124,6.2,Andy Garcia,12992,1992
15000000,Columbia Pictures Corporation,USA,Peter MacDonald,Action,40227000,Mo' Money,7/24/1992,89,5.4,Damon Wayans,5876,1992
7500000,Warner Bros.,USA,Randall Miller,Comedy,13272113,Class Act,6/5/1992,98,6.0,Christopher Reid,4351,1992
4000000,Enchantment Films Inc.,USA,Stephen Milburn Anderson,Crime,1373196,South Central,9/18/1992,99,6.8,Byron Minns,3841,1992
15500000,Alcor Films,France,Arne Glimcher,Drama,6742168,The Mambo Kings,2/28/1992,104,6.4,Armand Assante,4469,1992
10000000,Dimension Films,Hong Kong,Ringo Lam,Action,8332431,Twin Dragons,4/9/1999,104,6.4,Jackie Chan,9292,1992
17000000,Metro-Goldwyn-Mayer (MGM),USA,Michael Ritchie,Drama,4836637,Diggstown,8/14/1992,98,7.0,James Woods,6006,1992
5000000,A&M; Films,USA,Keith Gordon,Drama,1526697,A Midnight Clear,4/24/1992,108,7.2,Peter Berg,7365,1992
29000000,American Zoetrope,USA,Carroll Ballard,Action,5519569,Wind,9/11/1992,126,6.5,Matthew Modine,2123,1992
18000000,Orion Pictures,USA,Jonathan Kaplan,Drama,1949148,Love Field,2/12/1993,105,6.7,Michelle Pfeiffer,3099,1992
20000000,Penta Films,USA,Irwin Winkler,Comedy,6202756,Night and the City,10/23/1992,105,5.8,Robert De Niro,3900,1992
10000000,British Screen Productions,UK,Stephen Gyllenhaal,Drama,1034287,Waterland,10/30/1992,95,6.7,Jeremy Irons,1855,1992
5000000,Carolco Pictures,USA,Paul Schrader,Crime,1050861,Light Sleeper,3/13/1992,103,6.9,Willem Dafoe,3999,1992
10000000,Avenue Pictures,USA,Martin Bell,Crime,384048,American Heart,5/7/1993,113,6.8,Jeff Bridges,2634,1992
2700000,No Frills Film Production,USA,Neal Jimenez,Drama,1723319,The Waterdance,5/13/1992,106,6.9,Eric Stoltz,2369,1992
3330000,Atchafalaya,USA,John Sayles,Drama,5414619,Passion Fish,12/11/1992,135,7.5,Mary McDonnell,4448,1992
18000000,Orion Pictures,USA,Howard Deutch,Drama,6375979,Article 99,3/13/1992,100,6.1,Ray Liotta,2585,1992
3000000,American Playhouse,Italy,Hal Hartley,Crime,141554,Simple Men,11/6/1992,105,7.2,Robert John Burke,3563,1992
800000,Zeta Entertainment,USA,Tamra Davis,Crime,114516,Guncrazy,9/9/1993,97,5.6,Drew Barrymore,1768,1992
18000000,Paramount Pictures,USA,Christopher Crowe,Drama,11124511,Whispers in the Dark,8/7/1992,103,5.6,Annabella Sciorra,1674,1992
400000,Ang Lee Productions,Taiwan,Ang Lee,Comedy,152322,Pushing Hands,1/20/1996,105,7.3,Bozhao Wang,2826,1992
3000000,Once Upon a Time Films,USA,Matthew Meshekoff,Comedy,690966,The Opposite Sex and How to Live with Them,3/26/1993,100,4.9,Arye Gross,540,1992
18000000,Metro-Goldwyn-Mayer (MGM),USA,Bruce Beresford,Drama,2149735,Rich in Love,3/5/1993,100,6.3,Albert Finney,689,1992
22769,Desperate Pictures,USA,Gregg Araki,Comedy,692585,The Living End,8/21/1992,81,6.5,Mike Dytri,2140,1992
24000000,Majestic Films International,USA,Graeme Clifford,Mystery,608866,Ruby Cairo,10/29/1993,100,5.0,Andie MacDowell,1886,1992
13000000,In The Bag Productions,USA,Allan Moyle,Comedy,3721911,The Gun in Betty Lou's Handbag,8/21/1992,89,5.0,Penelope Ann Miller,1430,1992
16000000,JVC Entertainment Networks,USA,Beeban Kidron,Comedy,17957265,Used People,1/22/1993,100,6.0,Shirley MacLaine,1225,1992
130000,Demi-Monde Productions,USA,Nicole Conn,Drama,799674,Claire of the Moon,10/21/1993,107,4.9,Trisha Todd,843,1992
250000,American Playhouse,USA,Tom Kalin,Crime,340147,Swoon,9/25/1992,93,6.8,Daniel Schlachet,1365,1992
38000,Island World,USA,Nick Gomez,Crime,117480,Laws of Gravity,8/20/1993,100,7.0,Peter Greene,769,1992
28000000,Rhythm & Hues Studios,USA,Kenny Ortega,Comedy,39514713,Hocus Pocus,7/16/1993,96,6.7,Bette Midler,67192,1993
25000000,Hollywood Pictures,USA,George P. Cosmatos,Action,56505065,Tombstone,12/25/1993,130,7.8,Kurt Russell,103911,1993
22000000,Universal Pictures,USA,Steven Spielberg,Biography,96067179,Schindler's List,2/4/1994,195,8.9,Liam Neeson,956124,1993
18000000,Touchstone Pictures,USA,Henry Selick,Animation,75082668,The Nightmare Before Christmas,10/29/1993,76,8.0,Danny Elfman,242487,1993
6900000,Gramercy Pictures (I),USA,Richard Linklater,Comedy,7993039,Dazed and Confused,2/10/1994,102,7.7,Jason London,133831,1993
25000000,Alcor Films,France,Joel Schumacher,Crime,40903593,Un dÐ½a de furia,2/26/1993,113,7.6,Michael Douglas,143906,1993
13000000,Morgan Creek Productions,USA,Tony Scott,Crime,12281500,True Romance,9/10/1993,120,8.0,Christian Slater,174471,1993
22000000,Price Entertainment,USA,Robert De Niro,Crime,17266971,A Bronx Tale,10/1/1993,121,7.8,Robert De Niro,106183,1993
11000000,Paramount Pictures,USA,Lasse HallstrÑm,Drama,9170214,What's Eating Gilbert Grape,3/4/1994,118,7.8,Johnny Depp,183569,1993
14600000,Columbia Pictures Corporation,USA,Harold Ramis,Comedy,70906973,Groundhog Day,2/12/1993,101,8.0,Bill Murray,483649,1993
20000000,Brooksfilms,France,Mel Brooks,Adventure,35739755,Robin Hood: Men in Tights,7/28/1993,104,6.7,Cary Elwes,97973,1993
25000000,Twentieth Century Fox Film Corporation,USA,Chris Columbus,Comedy,219200000,Mrs. Doubtfire,11/24/1993,125,6.9,Robin Williams,198772,1993
21000000,TriStar Pictures,USA,Nora Ephron,Comedy,126533006,Sleepless in Seattle,6/25/1993,105,6.8,Tom Hanks,132264,1993
20000000,Warner Bros.,USA,Simon Wincer,Adventure,77698625,Free Willy,7/16/1993,112,5.9,Jason James Richter,56085,1993
26000000,TriStar Pictures,USA,Jonathan Demme,Drama,77324422,Philadelphia,1/14/1994,125,7.7,Tom Hanks,191244,1993
7000000,CiBy 2000,New Zealand,Jane Campion,Drama,40158000,El piano,2/11/1994,121,7.6,Holly Hunter,67921,1993
13000000,Hell's Kitchen Films,Ireland,Jim Sheridan,Biography,25010410,En el nombre del padre,2/25/1994,133,8.1,Daniel Day-Lewis,122973,1993
17000000,Twentieth Century Fox Film Corporation,USA,Joseph Ruben,Drama,44594000,The Good Son,9/24/1993,87,6.4,Macaulay Culkin,30596,1993
15000000,Walt Disney Pictures,USA,Jon Turteltaub,Adventure,68856263,Cool Runnings,10/1/1993,98,6.9,John Candy,75331,1993
11000000,Renaissance Films,UK,Kenneth Branagh,Comedy,22551000,Much Ado About Nothing,7/2/1993,111,7.4,Kenneth Branagh,39297,1993
15000000,Touchstone Pictures,USA,David S. Ward,Action,23004026,The Program,9/24/1993,112,6.4,James Caan,7889,1993
14000000,Raffaella De Laurentiis Productions,USA,Rob Cohen,Action,35112679,Dragon: The Bruce Lee Story,5/7/1993,120,7.0,Jason Scott Lee,23459,1993
3500000,New Line Cinema,USA,Albert Hughes,Crime,27900000,Menace II Society,5/26/1993,97,7.5,Tyrin Turner,42874,1993
18000000,Universal Pictures,USA,John Woo,Action,32589677,Hard Target,8/20/1993,97,6.1,Jean-Claude Van Damme,37456,1993
25000000,TriStar Television,USA,Ron Maxwell,Drama,10769960,Gettysburg,10/8/1993,271,7.7,Tom Berenger,22949,1993
8000000,Propaganda Films,USA,John Dahl,Crime,2502551,Red Rock West,5/14/1993,98,7.0,Nicolas Cage,16835,1993
20000000,TriStar Pictures,USA,Thomas Schlamme,Comedy,11585483,So I Married an Axe Murderer,7/30/1993,93,6.4,Mike Myers,29457,1993
15000000,Orion Pictures,USA,George A. Romero,Horror,9579068,The Dark Half,4/23/1993,122,5.9,Timothy Hutton,12885,1993
3000000,New Line Cinema,USA,Adam Marcus,Fantasy,15935068,Jason Goes to Hell: The Final Friday,8/13/1993,87,4.3,John D. LeMay,21333,1993
15000000,Touchstone Pictures,USA,Brian Gibson,Biography,39100956,What's Love Got to Do with It,6/25/1993,118,7.2,Angela Bassett,14287,1993
6000000,Morgan Creek Productions,USA,Alan Shapiro,Drama,13609396,The Crush,4/2/1993,89,5.7,Cary Elwes,12904,1993
15000000,Paramount Pictures,USA,Robert Lieberman,Biography,20100000,Fire in the Sky,3/12/1993,109,6.5,D.B. Sweeney,17555,1993
900000,Trimark Pictures,USA,Mark Jones,Comedy,8556940,Leprechaun,1/8/1993,92,4.7,Warwick Davis,18654,1993
15000000,Columbia Pictures Corporation,USA,James Ivory,Drama,22954968,The Remains of the Day,11/19/1993,134,7.9,Anthony Hopkins,49507,1993
2000000,CNCAIMC,Mexico,Guillermo del Toro,Horror,621392,Cronos,1994-05,94,6.7,Federico Luppi,21699,1993
2600000,Icon Entertainment International,USA,Rob Bowman,Adventure,2850263,Airborne,9/17/1993,91,6.2,Shane McDermott,5414,1993
22000000,Orion Pictures,USA,Fred Dekker,Action,10696210,RoboCop 3,11/5/1993,104,4.0,Nancy Allen,37985,1993
9000000,PolyGram Filmed Entertainment,USA,Dominic Sena,Crime,2395231,Kalifornia,9/3/1993,117,6.7,Brad Pitt,44601,1993
25000000,Twentieth Century Fox Film Corporation,USA,Jim Abrahams,Action,38911970,Hot Shots! Part Deux,5/21/1993,86,6.6,Charlie Sheen,72228,1993
25000000,Costa do Castelo Filmes,Portugal,Bille August,Drama,6265311,La casa de los espÐ½ritus,4/1/1994,140,6.9,Jeremy Irons,18007,1993
10000000,Twentieth Century Fox Film Corporation,USA,Daniel Stern,Comedy,53579269,Rookie of the Year,7/7/1993,103,5.9,Thomas Ian Nicholas,19681,1993
6000000,Warner Bros. Animation,USA,Eric Radomski,Animation,5617391,Batman: Mask of the Phantasm,12/25/1993,76,7.9,Kevin Conroy,33504,1993
14000000,Columbia Pictures Corporation,USA,John Singleton,Drama,27515786,Poetic Justice,7/23/1993,109,5.9,Janet Jackson,9850,1993
11000000,Tommy,USA,Tom Stern,Comedy,29296,Freaked,3/31/1994,86,6.3,Brooke Shields,4909,1993
19000000,Canal+,USA,Emir Kusturica,Comedy,106658,Arizona Dream,9/9/1994,142,7.4,Johnny Depp,36250,1993
20000000,Castle Rock Entertainment,Canada,Harold Becker,Crime,46044636,Malicia,10/1/1993,107,6.4,Alec Baldwin,19410,1993
14000000,Paramount Pictures,USA,Peter Bogdanovich,Comedy,1029721,The Thing Called Love,8/27/1993,116,6.3,River Phoenix,6086,1993
15000000,Northern Lights Entertainment,USA,Rod Daniel,Comedy,53354166,Beethoven's 2nd,12/17/1993,89,4.8,Charles Grodin,20989,1993
12000000,Metro-Goldwyn-Mayer (MGM),USA,Fred Schepisi,Comedy,6410676,Six Degrees of Separation,12/8/1993,112,6.9,Will Smith,17414,1993
17000000,Golden Harvest Company,USA,Stuart Gillard,Action,42660000,Teenage Mutant Ninja Turtles III,3/19/1993,96,4.8,Elias Koteas,26647,1993
8200000,New Line Cinema,USA,Gene Quintano,Action,27979400,Loaded Weapon 1,2/5/1993,84,6.1,Emilio Estevez,39412,1993
13000000,Dorset Productions,USA,Abel Ferrara,Horror,428868,Body Snatchers,1/28/1994,87,5.9,Gabrielle Anwar,14297,1993
22000000,Price Entertainment,UK,Richard Attenborough,Biography,25842000,Shadowlands,1/14/1994,131,7.4,Anthony Hopkins,14238,1993
11000000,Hollywood Pictures,USA,Wayne Wang,Drama,32861136,The Joy Luck Club,10/29/1993,139,7.6,Tamlyn Tomita,13064,1993
2000000,Bandai Visual Company,USA,Brian Yuzna,Horror,54207,Return of the Living Dead III,2/25/1994,97,5.9,Kent McCord,11145,1993
21000000,Largo Entertainment,USA,Stephen Hopkins,Action,12136938,Judgment Night,10/15/1993,110,6.6,Emilio Estevez,12969,1993
1500000,Davis-Films,France,Roger Avary,Crime,418953,Killing Zoe,1994-09,96,6.5,Eric Stoltz,17980,1993
15000000,Columbia Pictures Corporation,USA,Robert Harmon,Action,22189039,Nowhere to Run,1/15/1993,94,5.6,Jean-Claude Van Damme,18494,1993
7500000,Metro-Goldwyn-Mayer (MGM),USA,Tony Bill,Comedy,18899204,Untamed Heart,2/12/1993,102,6.8,Christian Slater,10810,1993
13500000,TriStar Pictures,USA,Woody Allen,Comedy,11285588,Manhattan Murder Mystery,8/18/1993,104,7.4,Woody Allen,30925,1993
22000000,Canal+,USA,Richard Benjamin,Comedy,44942695,Made in America,5/28/1993,111,4.9,Whoopi Goldberg,12718,1993
11500000,Polygram Filmed Entertainment,UK,Peter Medak,Action,3275585,Romeo Is Bleeding,2/4/1994,100,6.6,Gary Oldman,11408,1993
6500000,Walt Disney Pictures,USA,Stephen Sommers,Adventure,24103594,The Adventures of Huck Finn,4/2/1993,108,6.2,Elijah Wood,6666,1993
15000000,Columbus Circle Films,USA,Tom Holland,Drama,6419876,The Temp,2/12/1993,99,5.1,Timothy Hutton,2554,1993
6000000,August Entertainment,USA,Sheldon Lettich,Action,3273588,Only the Strong,8/27/1993,99,6.7,Mark Dacascos,4542,1993
8000000,New Line Cinema,USA,Gus Van Sant,Comedy,1710000,Even Cowgirls Get the Blues,5/20/1994,95,4.3,Uma Thurman,6381,1993
7000000,Artimm,USA,Robert Klane,Adventure,12741891,Weekend at Bernie's II,7/9/1993,97,4.6,Andrew McCarthy,11036,1993
9000000,Outlaw Productions (I),Canada,Mike Binder,Comedy,14904910,Indian Summer,4/23/1993,97,6.5,Alan Arkin,4338,1993
13000000,Hanna-Barbera Productions,UK,Charles Grosvenor,Animation,6574896,Once Upon a Forest,6/18/1993,71,6.5,Michael Crawford,4131,1993
28000000,Richard Williams Productions,UK,Richard Williams,Animation,669276,The Thief and the Cobbler,8/25/1995,72,7.1,Vincent Price,2780,1993
14000000,Imagine Films Entertainment,USA,Henry Winkler,Comedy,31888805,Cop & Ð,4/2/1993,97,3.9,Burt Reynolds,7406,1993
3000000,Trimark Pictures,USA,Anthony Hickox,Fantasy,3902679,Warlock: The Armageddon,9/24/1993,98,5.3,Julian Sands,4275,1993
8000000,Wildwood Enterprises,USA,Steven Soderbergh,Drama,1299318,King of the Hill,8/20/1993,103,7.6,Jesse Bradford,6291,1993
10000000,New Line Cinema,USA,Michael Gottlieb,Action,4247162,Mr. Nanny,10/8/1993,84,3.6,Hulk Hogan,7914,1993
11000000,Film Workshop,Hong Kong,Woo-Ping Yuen,Action,14681661,Iron Monkey,10/12/2001,90,7.6,Rongguang Yu,13830,1993
10500000,Road Movies Filmproduktion,Germany,Wim Wenders,Drama,810455,"Faraway, So Close!",12/21/1993,144,7.3,Otto Sander,6278,1993
18000000,Castle Rock Entertainment,USA,Billy Weber,Adventure,1528163,Josh and S.A.M.,11/24/1993,96,5.8,Jacob Tierney,1253,1993
25000000,Rastar Productions,USA,Mike Figgis,Drama,8315975,Mr. Jones,10/8/1993,114,5.8,Richard Gere,5931,1993
10000000,Trimark Pictures,USA,Christopher Coppola,Crime,18369,Deadfall,10/8/1993,98,3.7,Michael Biehn,2376,1993
11000000,New Line Cinema,USA,Michael Apted,Crime,16696219,Blink,1/26/1994,106,6.2,Madeleine Stowe,6770,1993
1000000,Ang Lee Productions,Taiwan,Ang Lee,Comedy,6933459,The Wedding Banquet,8/4/1993,106,7.7,Winston Chao,11573,1993
10000000,Beacon Communications,USA,Leon Ichaso,Drama,18272447,Sugar Hill,2/25/1994,123,5.9,Wesley Snipes,3376,1993
6000000,New Line Cinema,USA,John Lafia,Comedy,12974636,Man's Best Friend,11/19/1993,87,5.1,Ally Sheedy,3256,1993
10000000,PolyGram Filmed Entertainment,UK,Mario Van Peebles,Western,18290000,Posse,5/14/1993,111,5.5,Mario Van Peebles,3422,1993
1000000,New Horizons Picture,USA,Adam Simon,Horror,1753979,Carnosaur,5/21/1993,83,3.5,Diane Ladd,3208,1993
14000000,Hollywood Pictures,USA,Patrick Hasburgh,Drama,8041049,Aspen Extreme,1/22/1993,113,5.8,Paul Gross,2414,1993
12000000,Twentieth Century Fox Film Corporation,USA,Rachel Talalay,Horror,5086909,Ghost in the Machine,12/29/1993,95,4.4,Karen Allen,2839,1993
25000000,Filmauro,Italy,Blake Edwards,Comedy,2457574,Son of the Pink Panther,8/27/1993,93,3.8,Roberto Benigni,4105,1993
10000000,Cecchi Gori Europa N.V.,Italy,Abel Ferrara,Drama,72495,Dangerous Game,11/19/1993,108,5.7,Harvey Keitel,3022,1993
12000000,A&M; Films,USA,Tony Bill,Biography,1703282,A Home of Our Own,11/5/1993,104,7.1,Kathy Bates,2416,1993
19000000,Krasnow Productions,USA,Emile Ardolino,Family,2119994,The Nutcracker,11/24/1993,92,5.8,Darci Kistler,1280,1993
11000000,Permut Presentations,USA,RamÑn MenÐ¹ndez,Comedy,1044824,Money for Nothing,9/10/1993,100,5.7,John Cusack,3306,1993
8000000,Miramax,USA,Yves Simoneau,Drama,874148,Mother's Boys,3/18/1994,96,5.4,Jamie Lee Curtis,2570,1993
11900000,DENTSU Music And Entertainment,Japan,Akira Kurosawa,Drama,48856,Maadadayo,3/20/1998,134,7.4,Tatsuo Matsumura,4081,1993
13000000,Night Life Inc.,USA,Anthony Minghella,Comedy,3125424,Mr. Wonderful,10/15/1993,98,5.9,Matt Dillon,2743,1993
9000000,StudioCanal,USA,James B. Harris,Action,10058318,Boiling Point,4/16/1993,92,4.9,Wesley Snipes,4831,1993
999999,Incorporated Television Company (ITC),USA,Rusty Cundieff,Comedy,238230,Fear of a Black Hat,6/3/1994,88,7.2,Larry B. Scott,3462,1993
8030000,Davis Entertainment,USA,Deran Sarafian,Action,3411885,Gunmen,2/4/1994,94,5.2,Christopher Lambert,2861,1993
13000000,Parkway Productions,USA,John Whitesell,Drama,2570145,Calendar Girl,9/3/1993,90,5.0,Jason Priestley,1901,1993
2500000,Fine Line Features,USA,Michael Steinberg,Drama,764083,"Bodies, Rest & Motion",4/9/1993,95,5.6,Phoebe Cates,2008,1993
1000000,Channel Four Films,USA,Haile Gerima,Drama,2691899,Sankofa,5/28/1993,100,7.1,Kofi Ghanaba,456,1993
5000000,Trimark Pictures,USA,Stephen Cornwell,Action,2970,Philadelphia Experiment II,6/4/1994,97,4.5,Brad Johnson,1526,1993
800000,Full Crew/Say Yea,USA,Victor Nunez,Drama,1001437,Ruby in Paradise,11/5/1993,114,7.1,Ashley Judd,2137,1993
25000000,Castle Rock Entertainment,USA,Frank Darabont,Crime,28341469,The Shawshank Redemption,10/14/1994,142,9.3,Tim Robbins,1861666,1994
8000000,Miramax,USA,Quentin Tarantino,Crime,107928762,Pulp Fiction,10/14/1994,154,8.9,John Travolta,1456787,1994
4400000,PolyGram Filmed Entertainment,UK,Mike Newell,Comedy,52700832,Four Weddings and a Funeral,4/15/1994,117,7.1,Hugh Grant,115440,1994
18000000,New Line Cinema,USA,Chuck Russell,Comedy,119938730,The Mask,7/29/1994,101,6.9,Jim Carrey,286352,1994
16000000,New Line Cinema,USA,Peter Farrelly,Comedy,127175354,Dumb and Dumber,12/16/1994,107,7.3,Jim Carrey,306934,1994
23000000,Crowvision Inc.,USA,Alex Proyas,Action,50693162,The Crow,5/13/1994,102,7.6,Brandon Lee,144969,1994
12000000,Morgan Creek Productions,USA,Tom Shadyac,Comedy,72217000,Ace Ventura: Pet Detective,2/4/1994,86,6.9,Jim Carrey,232964,1994
11500000,Jersey Films,USA,Ben Stiller,Comedy,20982557,Reality Bites,2/18/1994,99,6.6,Winona Ryder,38652,1994
18000000,Touchstone Pictures,USA,Tim Burton,Biography,5887457,Ed Wood,10/7/1994,127,7.9,Johnny Depp,149166,1994
8000000,New Line Cinema,USA,Wes Craven,Fantasy,18090181,New Nightmare,10/14/1994,112,6.4,Heather Langenkamp,41464,1994
230000,View Askew Productions,USA,Kevin Smith,Comedy,3151130,Clerks,11/9/1994,92,7.8,Brian O'Halloran,190615,1994
15000000,Columbia Pictures Corporation,USA,Gillian Armstrong,Drama,50083616,Little Women,12/25/1994,115,7.3,Susan Sarandon,39288,1994
600000,Genre Pictures,USA,Kim Henkel,Comedy,141626,Texas Chainsaw Massacre: The Next Generation,10/21/1995,95,3.2,RenÐ¹e Zellweger,16202,1994
20000000,Warner Bros.,USA,Duwayne Dunham,Comedy,19288821,Little Giants,10/14/1994,107,6.3,Rick Moranis,21057,1994
5000000,WingNut Films,New Zealand,Peter Jackson,Biography,3049135,Criaturas celestiales,3/27/1998,99,7.4,Melanie Lynskey,52852,1994
8000000,New Line Cinema,USA,John Carpenter,Fantasy,8946600,In the Mouth of Madness,2/3/1995,95,7.2,Sam Neill,47554,1994
22000000,Walt Disney Pictures,USA,John Pasquin,Comedy,144833357,The Santa Clause,11/11/1994,97,6.4,Tim Allen,71963,1994
27000000,Vegahom Europe,USA,Stephen Sommers,Adventure,44342956,El Libro de la Selva,12/30/1994,111,6.0,Jason Scott Lee,14034,1994
3000000,CiBy 2000,Australia,P.J. Hogan,Comedy,15185594,La boda de Muriel,3/31/1995,106,7.2,Toni Collette,29720,1994
24000000,Caravan Pictures,USA,William Dear,Comedy,50236831,Angels in the Outfield,7/15/1994,102,6.1,Danny Glover,23966,1994
27000000,Twentieth Century Fox Film Corporation,USA,Pixote Hunt,Animation,13670688,The Pagemaster,11/23/1994,80,6.0,Macaulay Culkin,17391,1994
8000000,Twentieth Century Fox Film Corporation,USA,Hart Bochner,Comedy,4350774,PCU,4/29/1994,79,6.6,Jeremy Piven,10934,1994
25000000,New Line Cinema,USA,Jeremy Leven,Comedy,22150451,Don Juan DeMarco,4/7/1995,97,6.7,Johnny Depp,43444,1994
10000000,Golden Harvest Company,Hong Kong,Chia-Liang Liu,Action,11546543,The Legend of Drunken Master,10/20/2000,102,7.6,Jackie Chan,37144,1994
27000000,Largo Entertainment,Canada,Peter Hyams,Action,44853581,Timecop: PolicÐ½a del futuro,9/16/1994,99,5.8,Jean-Claude Van Damme,47553,1994
20000000,Nest Family Entertainment,USA,Richard Rich,Animation,9771658,The Swan Princess,11/18/1994,100,6.4,Jack Palance,18972,1994
3500000,New Line Cinema,USA,Jeff Pollack,Crime,16036534,Above the Rim,3/23/1994,96,6.6,Duane Martin,11508,1994
18000000,Etalon Film,USA,Robert Altman,Comedy,11300653,Ready to Wear,12/25/1994,133,5.0,Sophia Loren,12985,1994
2500000,Incorporated Television Company (ITC),UK,John Dahl,Crime,6138485,The Last Seduction,10/26/1994,110,7.1,Linda Fiorentino,17307,1994
25000000,Savoy Pictures,USA,Garry Marshall,Comedy,6841570,Exit to Eden,10/14/1994,113,4.1,Dana Delany,5798,1994
7400000,New Line Cinema,USA,Ernest R. Dickerson,Action,7690013,Surviving the Game,4/15/1994,96,6.1,Rutger Hauer,8846,1994
2500000,Channel Four Films,UK,Danny Boyle,Crime,2881508,Shallow Grave,2/10/1995,89,7.3,Kerry Fox,49100,1994
14000000,Universal Pictures,USA,Spike Lee,Comedy,13640000,Crooklyn,5/13/1994,115,6.9,Alfre Woodard,6583,1994
16000000,Heathrow Productions,USA,Tony Richardson,Drama,3359465,Blue Sky,9/16/1994,101,6.4,Jessica Lange,5683,1994
12000000,Columbia Pictures Corporation,USA,Christopher Cain,Action,8914777,The Next Karate Kid,9/9/1994,107,4.3,Pat Morita,20024,1994
28000000,Don Bluth,Ireland,Don Bluth,Animation,11373501,Pulgarcita,3/30/1994,100,6.4,Jodi Benson,12483,1994
25000000,Universal Pictures,USA,Russell Mulcahy,Action,32055248,The Shadow,7/1/1994,108,6.0,Alec Baldwin,19958,1994
20000000,Miramax,USA,Woody Allen,Comedy,13383737,Bullets Over Broadway,2/24/1995,98,7.5,John Cusack,31237,1994
13000000,Savoy Pictures,USA,John Waters,Comedy,7881335,Serial Mom,4/13/1994,95,6.7,Kathleen Turner,22529,1994
20000000,Columbia Pictures Corporation,USA,Martin Campbell,Action,15340000,No Escape,4/29/1994,118,6.1,Ray Liotta,16576,1994
3000000,Cecchi Gori Group Tiger Cinematografica,Italy,Michael Radford,Biography,21848932,Il Postino,3/22/1996,108,7.7,Massimo Troisi,27999,1994
20000000,Capella International,USA,Robert Benton,Comedy,39487686,Nobody's Fool,1/13/1995,110,7.4,Paul Newman,15759,1994
3500000,LumiÐ¸re Pictures,USA,Boaz Yakin,Crime,8094616,Fresh,9/2/1994,114,7.6,Sean Nelson,10327,1994
25000000,Beacon Communications,USA,Alan Parker,Comedy,6507514,The Road to Wellville,10/28/1994,118,5.8,Anthony Hopkins,10226,1994
11000000,Touchstone Pictures,USA,Ted Demme,Comedy,11439193,The Ref,3/11/1994,96,6.9,Denis Leary,20548,1994
7000000,Jersey Films,USA,John G. Avildsen,Biography,19604000,8 Seconds,2/25/1994,105,6.5,Luke Perry,4037,1994
6200000,Warner Bros.,USA,Alan Metter,Comedy,126247,Police Academy: Mission to Moscow,8/26/1994,83,3.3,G.W. Bailey,26638,1994
10000000,Caravan Pictures,USA,Keenen Ivory Wayans,Action,29392418,A Low Down Dirty Shame,11/23/1994,100,5.9,Keenen Ivory Wayans,4331,1994
7850000,Greenleaf Productions,USA,James Yukich,Action,2341309,Double Dragon,11/4/1994,96,3.7,Robert Patrick,9200,1994
200000,Buckeye Films,USA,David O. Russell,Comedy,1359736,Spanking the Monkey,7/15/1994,100,6.3,Jeremy Davies,5363,1994
12000000,Fine Line Features,UK,Roman Polanski,Drama,2104000,Death and the Maiden,1/27/1995,103,7.3,Sigourney Weaver,18786,1994
25000000,Paramount Pictures,USA,Fred Schepisi,Comedy,26372663,I.Q.,12/25/1994,100,6.2,Tim Robbins,20930,1994
19000000,"Morra, Brezner, Steinberg and Tenenbaum Entertainment (MBST)",USA,Paul Flaherty,Comedy,7411659,Clifford,4/1/1994,90,5.3,Martin Short,5807,1994
20000000,Ben-Ami/Leeds Productions,USA,Charles T. Kanganis,Family,11784000,3 Ninjas Kick Back,5/6/1994,93,4.4,Victor Wong,7189,1994
15000000,TriStar Pictures,USA,Nora Ephron,Comedy,6798240,Mixed Nuts,12/21/1994,97,5.4,Steve Martin,8563,1994
700000,Cineville,USA,George Huang,Comedy,376928,Swimming with Sharks,4/21/1995,93,7.1,Kevin Spacey,20003,1994
5000000,21st Century Film Corporation,USA,Allan A. Goldstein,Action,1702394,Death Wish V: The Face of Death,1/14/1994,95,4.7,Charles Bronson,5329,1994
7000000,"Jackson/McHenry Company,The",USA,Doug McHenry,Crime,20851521,Jason's Lyric,9/28/1994,120,6.6,Allen Payne,2838,1994
4000000,Audifilm,Italy,Michele Soavi,Comedy,253969,Cemetery Man,4/26/1996,105,7.3,Rupert Everett,17110,1994
26000000,Fallingcloud,Canada,Andrew Morahan,Action,13829734,Highlander: The Final Dimension,1/27/1995,99,4.3,Christopher Lambert,17307,1994
1900000,Aim,Republic of Macedonia,Milcho Manchevski,Drama,763847,Before the Rain,2/24/1995,113,8.1,Katrin Cartlidge,11967,1994
6000000,Universal Pictures,USA,Ron Howard,Comedy,38824341,The Paper,3/25/1994,112,6.6,Michael Keaton,11123,1994
2800000,CamÐ¹ra One,Russia,Nikita Mikhalkov,Drama,2616503,Burnt by the Sun,4/21/1995,135,8.0,Nikita Mikhalkov,11998,1994
2000000,Planet Productions,USA,Rodman Flender,Comedy,2260622,Leprechaun 2,4/8/1994,85,4.4,Warwick Davis,6778,1994
3000000,Jones Entertainment Group,USA,John Sayles,Drama,6101600,The Secret of Roan Inish,2/3/1995,103,7.5,Jeni Courtney,6305,1994
7000000,Fine Line Features,USA,Alan Rudolph,Biography,2144667,Mrs. Parker and the Vicious Circle,11/23/1994,125,6.4,Jennifer Jason Leigh,3789,1994
20000000,Channel Films,USA,Hugh Wilson,Comedy,27053498,Guarding Tess,3/11/1994,96,6.2,Shirley MacLaine,13526,1994
15000000,Tig Productions,USA,John Bailey,Crime,3038499,China Moon,3/4/1994,99,6.2,Ed Harris,4508,1994
17080000,Hollywood Pictures,USA,Paul Michael Glaser,Comedy,21011500,The Air Up There,1/7/1994,107,5.5,Kevin Bacon,7663,1994
20000000,Majestic Films International,USA,Kevin Reynolds,Action,305070,Rapa Nui,9/9/1994,107,6.4,Jason Scott Lee,4075,1994
2300000,Fine Line Features,USA,James Gray,Crime,1095885,Little Odessa,5/19/1995,98,6.8,Tim Roth,6076,1994
13000000,Nelson Entertainment,USA,Donald Petrie,Comedy,3134081,The Favor,4/29/1994,97,5.3,Harley Jane Kozak,2201,1994
15000000,Metro-Goldwyn-Mayer (MGM),USA,Bob Clark,Comedy,70936,It Runs in the Family,9/23/1994,85,5.7,Charles Grodin,1234,1994
2300000,American Playhouse,USA,Hal Hartley,Comedy,856422,Amateur,5/19/1995,105,7.0,Isabelle Huppert,4804,1994
3200000,Barcelona Films,USA,Whit Stillman,Comedy,7266973,Barcelona,7/29/1994,101,7.0,Taylor Nichols,4843,1994
10500000,Nelson Entertainment,USA,Floyd Mutrux,Comedy,123509,There Goes My Baby,9/2/1994,99,6.4,Dermot Mulroney,902,1994
15000000,Universal Pictures,USA,Mel Smith,Comedy,1299060,Radioland Murders,10/21/1994,108,6.2,Brian Benben,2920,1994
200000,Acme Films Ltd.,USA,Gary Jones,Horror,986314,Mosquito,11/21/1994,92,4.6,Gunnar Hansen,1715,1994
15000,Can I Watch,USA,Rose Troche,Drama,2408311,Go Fish,7/8/1994,83,5.6,V.S. Brodie,1742,1994
10700000,Orion Pictures,USA,Bill Fishman,Comedy,1238080,"Car 54, Where Are You?",1/28/1994,89,2.4,David Johansen,4018,1994
1000000,Kino Link Company,USA,Michael Almereyda,Drama,446934,Nadja,9/1/1995,93,6.0,Elina LÑwensohn,2586,1994
19200000,Walt Disney Pictures,USA,Xavier Koller,Adventure,3337685,Squanto: A Warrior's Tale,10/28/1994,102,6.1,Adam Beach,939,1994
18000000,Metro-Goldwyn-Mayer (MGM),USA,Mick Jackson,Comedy,7503192,Clean Slate,5/6/1994,107,5.7,Dana Carvey,3264,1994
20000000,Capitol Films,South Africa,Bruce Beresford,Comedy,2308390,A Good Man in Africa,9/9/1994,94,5.0,Colin Friels,2032,1994
6000000,PolyGram Filmed Entertainment,USA,Bryan Singer,Crime,23341568,The Usual Suspects,9/15/1995,106,8.6,Kevin Spacey,814470,1995
12000000,Paramount Pictures,USA,Amy Heckerling,Comedy,56631572,Clueless,7/19/1995,97,6.8,Alicia Silverstone,136975,1995
29000001,Universal Pictures,USA,Terry Gilliam,Mystery,57141459,Twelve Monkeys,1/5/1996,129,8.0,Bruce Willis,500403,1995
1500000,Guys Upstairs,USA,Larry Clark,Drama,7417210,Kids,9/1/1995,91,7.0,Leo Fitzpatrick,63097,1995
3500000,New Line Cinema,USA,F. Gary Gray,Comedy,27467564,Friday,4/26/1995,91,7.3,Ice Cube,82224,1995
2500000,Castle Rock Entertainment,USA,Richard Linklater,Drama,5535405,Before Sunrise,1/27/1995,101,8.1,Ethan Hawke,207167,1995
18000000,New Line Cinema,USA,Paul W.S. Anderson,Action,70454098,Mortal Kombat,8/18/1995,101,5.8,Christopher Lambert,87007,1995
